random_id,text,sexuality_relevance,false_positive_words,false_positive_category
744323,"well im sorry that you don't find it appealing, not gonna change for one female on reddit... i am a gay male... lol",1,,
853384,"""my husband never kisses me like that, i'm turning lesbian""",1,,
565682,that is what i am saying. no one would choose to be a homosexual. i don't know how someone would even be able too.  i was born gay. i never made a choice to be a homosexual.,1,,
846480,"don't quote me on it- but it's my understanding that this is because of the high rate of suicide of gay young men. also because some societies allow females to express themselves and talk about feelings while males have a much more rigid standard of acceptable behaviors and dress and are taught to suppress feelings rather than communicate to others about them. females receive sympathy or help when they are having issues while males are often made fun of or told to ""not be such a whiny bitch"" when they try to open up about issues- leading to suicide.",1,,
895947,"&gt;no one cares about your sexual orientation.  i'd love to say we live in a time where this is true, but reality states otherwise. not everyone lives in an area that's accepting of lifestyles other than heterosexuality. beyond that, some people are okay with being gay, but not with changing one's gender or those who claim no gender. i agree that it'd be great if no one had to come out, but if he/she lives in an area which is less accepting, then they may just be trying to make sure that those she associates with are okay with this.   on a related note, because some people may be uncomfortable, or even vocally disapproving of his/her sexuality, having the support of other friends can go a long way in making someone feel comfortable with being who they are. i can't cringe at someone being open or looking for support in terms of their identity.",1,,
856674,"i feel like probably an alarming percentage of people are pedophiles, but people in positions of power in a church have easier access to children. also, in the case of catholicism, they're likely sex starved as well, making their urges harder to control. and let's not forget the fact that mainstream news sources cover the stories people want to hear over ones they don't, and rapey priests are a hot topic right now   on that note, not all christians are anti-gay, either.",1,,
841771,"i write gay drama fanfiction and...think about writing things that i don't believe i have the skill to yet.  no, i'm serious.",1,,
757643,"friends, thanks so much for your responses so far.  i have been learning a lot, and have been doing a lot of rethinking.  i hope that anyone who has more to add will do so.  i would also like to hear from other men who have also had tattoos put on by other men.  i specify a tattoo put on by a male tattooer because for me a female tattooer is out of the question.  in fact, i couldn't do it.  it's my hang-up, but i don't even like being touched by a woman.  so the homoerotic stuff i wrote about just wouldn't be there.  i also wonder what ""power play"" (mentioned by klartraume) means.  maybe i know it by another name.  i want to add a little information to what i already wrote.  i'm not trying to turn this into a therapy hour or ""sharing,"" but maybe it will cast some light on what i wrote.  what bothers me about getting adventurous as some of you suggest with bdsm is the idea of my having to be a lesser person, contemptuous, deserving to be hurt, etc.  i don't feel that way, and never could.  on the other hand, when i hook up with a guy, and we get to the ""what do you like to do?"" question, i always reply, ""what gets you off gets me off.""  and i mean it pretty literally.  (all my energy will be thrown into bringing him as much pleasure as i can, with no regard to me at all.)  but when he answers the same question about what he likes to do, if i hear even a hint at s&amp;m, the next words out of my mouth are, ""it's been nice talking to you.  see you around.""  i could imagine surrendering power to a lover, but never to a casual hook-up.  but no lover ever asked me to.  anything like that remained in my fantasies.  those are more like my real life first time getting fucked.  somehow i had the incredible luck of getting picked up by a 30-year-old or so furry muscle bear who was hung beyond my wildest dreams.  i was about to live out a porno movie.  anyway, that guy took home one very young, very enthusiastic twink.  it turned out that he was very considerate and very skillful  i didn't really know what was coming, so i didn't tense up. there was no pain that time, although there was the 2nd, 3rd, 4th, etc, time we got together.  that is the association i make with pain from the tattoo gun--not pain for its own sake, but part of a more global experience.  anyway, those experiences with him seemed to set the pattern for my fantasy life--which had probably been there all along, but not for real life.  there i would pretty well sleep with anyone who would have me--anyone who resembled my fantasies was just an added benefit.  but pyrospark's comment that  ""but if you get off on being in a submissive state with a bigger, manlier, dude, then you might wanna keep it in mind!"" pretty well sums up my fantasy life, even if i don't always like to look at it that way.  do you think this changes anything you guys said?  this is all so much to think about.  as to fancying james in particular, i don't know.  he does have a full black beard like a pirate which i find hot, but really i just fancy men in general.  i like being around them, working with them, and so on, besides sleeping with them.  that's why i have managed to live large parts of my life in all-male environments.",1,,
958010,'i anal'  it's a frequently used invitation within the homosexual community... what else did you think it was :d,1,,
685847,"woah, why did you delete the whole ""fanuc"" thing? you don't want to come off as homophobic?  or was it not ""witty enough"" to compete with us edumacated northerners?",1,,
384858,"is there any evidence to back this up, or is it simply being said as if it were true? at one time it was thought that being homosexual was because your mother coddled you too much as a child.",1,,
522435,&gt; kill all the crazy bitches and beta faggot men  &gt; just euthanize them,1,,
354301,"there was an anti homosexuality advert done by an american church a few years ago  the kind of talking faces ""i want my family to grow up to understand that the only  healthy relationship is between a man and woman""' kind of crap.  someone dumped the original shots for the adverts on the internet  turned out to be very gay and camp  jobbing actors playing the model heterosexual family.",1,,
802672,"in short, he's a centrist on social issues.  he's tough on immigration and he wants to cut taxes, but he's much closer to the center on things like abortion, gay marriage, healthcare, israel, and gun rights.  that's a significant shift away from core conservative values.  he's been using liberal talking points in the primary debates, it's nuts.  the tea party was largely consistent with core conservative values, they mostly disagreed on tactics.  trump represents a fundamental shift in what the republican party stands for.  when i say ""existential threat"" i'm referring more to traditional conservative values than i am to the party itself.  there will always be a republican party in some form.",1,,
112097,"not a theocracy, but religions do influence politics. look at gay marriage, abortion, sex ed.",1,,
458079,"not sure on what exactly your relationship entails, so im sorry if none of this applies well. if you are close enough, try asking her what's got her confused/feeling this way. it's hard to help out a friend if you aren't exactly sure what's causing the problem(s).   while she may come off as previously very proud for being a butch lesbian, she may just have been very good at outwardly appearing confident. it's not easy being a lesbian and especially not a butch in this world, so see if she has some issues there. i think she definitely would benefit from a therapist but maybe one from a women's clinic might be better than a specific gender therapist? my own therapist has been very happy with me being my butch self and has never even insinuated that i might be something else than a woman.   good luck to you and your friend, i wish the best for her!",1,,
724484,why heterosexuals parade is not a thing?,1,,
418491,"any question confirming my sexuality.  ""you're gay?  really?""  ""how do you know you're gay if you never slept with a man?""  ""are you sure?  you're so cute?""",1,,
864819,"so, if your problem is aggressive affection, why didn't you make this post when spider-man's kiss action came out?   oh. right. because you're homophobic. kay.   if you only have a problem with affection when it's gay, i hate to break it to you, you have homophobia.",1,,
909038,"believe it or not gil hasn't even been confirmed to be a romance option. some journalists who got to play a few hours of *andromeda* mentioned he was receptive to male ryder's flirting, and so we've filled in the blanks.  yeah, it's not a good look for bioware to basically give no information out about gay or even straight male romances while scott bangs all the womenz in the trailers, especially given their lgbt-inclusive reputation, but i think we're learning that appears to be beyond bioware's control.",1,,
533024,"it is not easy to get things right here, and i don't mind being challenged like this. i might have been wrong to remove some of the ones i removed; anything is possible.  i don't view most of his threads as being good examples of interfaith dialogue.  if you're talking about his threads about gays in specific, i don't think it's useful to have a thread here started by a non-christian telling christians they are too tolerant of homosexuality, because his reasons aren't coming from a christian theological perspective.  if i, an atheist, were to announce that christians should be harder on gays, what would that even mean in terms of our rules? how can i even express that perspective, as a non-christian, without coming under 1.3, given that the only reason on that christians can suggest that they should be hard on gays is that we've carved out an exemption to 1.3 if someone's opinions about homosexuality are dictated by their christian theology?  i mean, the point here is the theology, not that people should be hard on gays just because that's a good end in itself. imagine that someone came here with a perspective from shintoism -- which for all i know has no opinion at all about homosexuality -- but he said that shintoism encouraged in him the belief that gays were generally icky, and all of the reasoning behind that was very rooted in japanese culture and had nothing to do with western civilization. would you high-five that guy? should i give him license to speak here about how bad gays are?  because to me this is not much different from letting someone rail about gays because they are a secular homophobe, and as liberal as our policy regarding opinions about homosexuality is, and as difficult as it is to enforce it, i don't think it can boil down to, ""you're good as long as you don't actually call someone a faggot.""",1,,
487430,"i do understand the law's intent- it basically just assumed, unless told otherwise, that the biological father was the husband, because generally at one point that was a solid assumption. obviously you could never make that assumption about homosexual couples. one has to be non-biological.   that being said, that law is a poor law in my opinion due to being based on assumption, but as long as that's the law, assuming it that law itself is not unconstitutional, the supreme court is probably right in saying 'if that's the law, then enforce it equally. if the heterosexual spouse gets thrown on automatically, then so does the homosexual one'.   if the state wants the birth certificate to just recognize the biological parents (which i think would be reasonable), it is the legislative branch's responsibility to go and make that the case for all there as well. i would assume that would be completely constitutional.",1,,
278660,"not just kyle, if you replaced him with any straight male",1,,
815199,"a feminist ally basically means, ""are you willing to cuck yourself for progressive brownie points"".  i heard that mangina actor andrew garfield call himself a ""gay ally"" recently, and wanted to vomit in my mouth. i mean, why not just treat people like people? if he's a gay ally, does that mean he's not a straight ally? it's all such bullshit.  andrew garfield also wanted to make spider-man a ""pansexual"". i'm not entirely sure what pansexual is, from what i can gather it's what people call themselves when ""bisexual"" isn't progressive **enough**.  check for yourself. utterly cringe worthy. this whole world is resembling a mentally ill joke. http://www.independent.co.uk/arts-entertainment/films/news/andrew-garfield-thinks-a-pansexual-spider-man-is-the-future-what-are-we-so-scared-of-10492513.html",1,,
373189,"i don't know what her sexual preference is, be it straight, queer, pan-romantic allosexual, or whatever but this sure reads like someone who's angry a dude isn't into her.  also protip for her and her ilk, 95% of dudes don't care about being called a dudebro, it's not the insult she imagines it to be.",1,,
944463,i googled it and found 2 blog posts about fat shaming and a quote about him rejecting the southern baptists for being anti-gay. that doesn't qualify him as a shitty person in my book.,1,,
668717,"you're not getting me, it's not the people, it's the ideology. let me put it this way, if you never heard of a gay person, never impacted your life you wouldn't have any preconceptions of them, right? the problem isn't the people or what they do it's that they are constantly shoved into other people's faces, trans people, feminists, etc, etc. who represent a microscopic amount of the general public but are given press time and attention like they are fifty percent off the people out there and folks not only get sick of it because it is starting to impact their lives in a negative way but because it starts to become laws that concern .01% of the population and impact the other 99.9%. it would be the same if it was another group, not just gay people but something else, some other ideology that was the tiny minority wanting to change other people's behaviors to suit them...this is just the cudgel being used to manipulate thought and speech right now...this and 'you're racist!'. i'm good with everyone so long as they don't impact me and i won't do the same.",1,,
584777,"to white ppl who say it's just a hairstyle:  i was sent home from school for wearing cornrows. i was questioned at work for wearing cornrows. like no joke, if a lawyer happens upon this post and wants to help me sue the school, pm me, i'm so srs bb  u walk in to the classroom w cornrows greeted with praise for ur bold outlandish creative expression. u show up at ur lavish party wearing cornrows and get 200000000 likes on ig.  if i cant wear cornrows, y can u?  ""alright black girl so y don't u straighten ur hair????""  bc relaxers contain harmful chemicals and have been linked to uterine tumors, but also why can't i exist as i am w.o society telling me i'm fugly?  ""u steal straight hair from white ppl tho so ha""  black ppl straighten their hair to assimilate, in other words they do it to like get jobs or like buy property, so ha  also applies to micro braids and dreadlocks. if a white person on this sub can tell me of a time they suspect they were denied housing, employment, or education bc of their natural hair i will delete my reddit account, thx  edit: this isn't aave i attempted to simplify a very complex issue for the readers of a youtube gossip forum",0,"straighten, straight hair",cultural appropriation
603136,good looking gay guy,1,,
630438,true: anon virgin. gay: anon didn't say yes.,1,,
627205,"i like some asain cultures and i hate some. **emtreme** sexism against **both** men and women, xenophobia, homophobia and superstition are what i hate.",1,,
559822,"taking it to the extreme cases then, should it be legal or illegal for me to hang the following signs on my business (let's say a bakery):  1. ""we do not cater for gay weddings.""  2. ""we do not cater for black weddings.""  3. ""no gay people allowed in store.""  4. ""no polish people allowed in store.""  5. ""whites only.""  5. ""blacks/gays please enter through rear entrance.""  ?",1,,
864003,"haha, thanks. not even sure if she's gay or available but can't hurt to flirt right?",1,,
604729,"&gt; maybe the fact that gays are ""bad"" is true  wtf is deranged anti gay horseshit? gays are not bad",1,,
562796,"with precious metals there can be a funny little reversal of supply and demand. platinum is less abundant in the earth's crust than gold so in accordance with the labor needed to extract it, it *ought* to typically command higher prices. however gold doesn't have a lot of industrial uses owing to its low reactivity and poor durability (and in the few it does have, very small amounts are needed), so the demand is for gold to remain locked up in bullion or jewelry and sort of remain as a representative of value. platinum, however, is a tremendously useful metal in industry. it's used in the manufacture of an estimated 1/5th of all manufactured products, and autocatalysts account for 40% of global demand for platinum—a catalytic converter typically contains about 3-7 grams of platinum group metals (namely pt, pd, and rh, of which pt commands the lowest price). people as a result benefit a bit more from selling platinum to someone who's going to use it for something more productive than ""want shiny.""  so there's *probably* a metaphor in there that somehow makes the idea of a ""platinum star lesbian"" even worse",1,,
875802,"aw damn and i was just gonna post the first chapter of ""the preachers secret"" in their comment section. good gay smut down the drain lmao.",1,,
964978,"louis stedman-bryce, the brexit party’s lead candidate in scotland, is black and homosexual. doesn't sound like a racist party to me.",1,,
842858,the big one is slavery. (keep in mind i've researched this extensively and i've heard all the false claims people make about this topic many times before.) god explicitly condones chattel slavery in the old testament and implicitly in the new testament. there are more verses supporting slavery than there are condemning homosexuality.,1,,
768687,"^^^^automod  ***the following is a copy of the above post. this comment is a record of the above post as it was originally written, in case the post is deleted or edited. read [this](https://www.reddit.com/r/amitheasshole/wiki/faq#wiki_post_deletion) before [contacting the mod team](https://www.reddit.com/message/compose?to=%2fr%2famitheasshole)***  now to begin, im am not gay in any way shape or form, but only go there because my friend family don't accept her for being gay, and since i was her friend since day 1, she brings me along so she don't feel like she know nobody there, which i don't mind doing. but here's to story, recently she wanted to go to this pride parade in new york last year in september something. and wanted me to attend because she wanted me to be her plus one, which of course i didn't mind, but my dog i had for 10 years died from old age and i wanted time to grieve because i had him for so long. so here's where it stated getting odd. she claimed that she wanted somebody to come with her instead of being alone, and since i said her family don't accept her, she really don't have anyone else. i said that i can't because my dog died and i need some time to be alone. she than said that it's a gay parade and it doesn't come often, gay people had died because of thier sexuality.  which i understand, but i didn't want to go and forget all about my poor dog. so i said can i miss this one parade? that's when she got really frustrated but tried to keep calm. why? you stop supporting the lgbt?  that's what really shocked me because she draged me to almost every gay pride parade there is and i always go. i tried to be reasonable but she always launched back to me hating gays and not being supportive enough. than after yelling like a football stadium, she left in anger.   i still think about till this day and always wonder. am i'm a asshole? if anyone has any questions i will be happy to answer them.  *i am a bot, and this action was performed automatically. please [contact the moderators of this subreddit](/message/compose/?to=/r/amitheasshole) if you have any questions or concerns.*",1,,
855446,"who said anything about taking their rights ???? oh my god !!! look dude if you are that kinda dumb we are humans all of us whether gay or not we all deserve the same rights and the same way of treatment , but if some dude says he doesnt wanna sit with gay people cause he doesnt like them so be it",1,,
666212,"hey there, welcome to /r/gaybros.  your post has been automatically removed due to low comment karma. we ask new users to participate in the subreddit a before submitting posts. before you jump into submissions, why don't you try commenting on some posts already on gaybros or other subreddits that interest you? as a reminder, **[please read the rules for posting in gaybros.](http://www.reddit.com/r/gaybros/wiki/posting_guidelines)**  if you're looking for a general lgbt sub, try /r/ainbow.  if you're looking for advice, try /r/askgaybros.  we look forward to having you around as an active contributor on gaybros!   *i am a bot, and this action was performed automatically. please [contact the moderators of this subreddit](/message/compose/?to=/r/gaybros) if you have any questions or concerns.*",1,,
167895,heres an article that shows which states and the differences: https://www.fastcompany.com/90369004/lgbt-employee-protections-by-state-map-shows-where-gay-workers-can-be-fired,1,,
134063,"you could headcanon that the avatar is bi with a preference for women, but tbh every person has their own sexuality, regardless of the spirit of the avatar being present. there doesn’t need to be a cosmic reason for two women in the same universe to be bisexual or lesbian.",1,,
591518,okay well from what i saw they said he was gay. i'm sorry for the misunderstanding have a great day,1,,
301735,"yes the act is haram, i believe the person as referring to the natural disposition of being gay (idek if there is, but if they say they do i trust them) is halal as long as you don't go to haram lengths with it. sorta like normal love",1,,
518316,&gt; why are you pushing the lesbian rape rate? lesbians rape each other with dildo’s.   it's still rape. just in case you missed that part.,1,,
944067,she a human being wtf it’s not being a simp to not treat ppl like they less then human niggas in my hood would do u if u jus talking to females any type of way. i ain’t saying shorty need to be treated like a queen like simps be but yu dragging it,1,,
550942,no but open air locker rooms were great for being gay ;),1,,
248952,"**recommended subreddits:** /r/fuckgaming, /r/multitaskers, /r/asshole, /r/hairy, /r/girlsshowering, /r/showersex, /r/amateurpornvids, /r/borednignored, /r/suctionblowjobs, r/amateurcumsluts, /r/splitview, /r/degradingholes, /r/bbwvideos, /r/maturemilf, /r/girlsontop, /r/obsf (old but still fuckable), /r/facial, /r/bondage_porn, /r/anal_gifs, /r/pillowhumping, /r/handjobs, /r/wetspot, /r/clothingkink, /r/goodgirlsswallow, /r/sloppyblowjob, /r/asianthroats, /r/gloryholeblowjobs, /r/feedingoncum, /r/japancensored, /r/japanuncensored, /r/fuckablesplits, /r/blowjobgirls, /r/blackgirlblowjobs, /r/throats, /r/greatview, /r/phonejobs, /r/cumov, /r/dildo_gifs, /r/erasernipples, /r/daughtertraining, /r/dadwouldbeproud, /r/sexandsoles, /r/oldandyounglesbians, /r/lickityslit, /r/sexandsoles, /r/allpornnsfw, /r/throatbarrier, /r/roughanal, /r/footjobs, /r/prettylittlecumsluts, /r/joymii, /r/bondage_porn, /r/outdoorrecreation, /r/cuppingtheballs, /r/frombelowview, /r/iwanttobeher, /r/politicsnsfw, /r/freeusefamily   *i am a bot, and this action was performed automatically. please [contact the moderators of this subreddit](/message/compose/?to=/r/iwanttobeher) if you have any questions or concerns.*",1,,
388961,well not all. as of recent i can't think of many. but crazy ex girlfriend has good diverse sexuality rep and expressions too. lol but a lot of gay people are femminie lol.,1,,
886024,"well, that’s gay.",1,,
379588,"**recommended subreddits:** /r/fuckgaming, /r/multitaskers, /r/asshole, /r/hairy, /r/girlsshowering, /r/amateurpornvids, /r/borednignored, /r/suctionblowjobs, /r/amateurcumsluts, /r/splitview, /r/degradingholes, /r/bbwvideos, /r/maturemilf, /r/girlsontop, /r/obsf (old but still fuckable), /r/facial, /r/anal_gifs, /r/pillowhumping, /r/handjobs, /r/wetspot, /r/goodgirlsswallow, /r/sloppyblowjob, /r/asianthroats, /r/gloryholeblowjobs, /r/feedingoncum, /r/japancensored, /r/japanuncensored, /r/fuckablesplits, /r/blowjobgirls, /r/blackgirlblowjobs, /r/throats, /r/greatview, /r/phonejobs, /r/cumov, /r/dildo_gifs, /r/daughtertraining, /r/dadwouldbeproud, /r/sexandsoles, /r/oldandyounglesbians, /r/lickityslit, /r/allpornnsfw, /r/roughanal, /r/footjobs, /r/prettylittlecumsluts, /r/joymii, /r/outdoorrecreation, /r/cuppingtheballs, /r/frombelowview, /r/ballsucking, /r/iwanttobeher, /r/politicsnsfw, /r/freeusefamily, /r/xart, /r/firstinsertion, /r/cumvids, /r/owym (older woman, younger man)   *i am a bot, and this action was performed automatically. please [contact the moderators of this subreddit](/message/compose/?to=/r/frombelowview) if you have any questions or concerns.*",1,,
991393,"yep, sarah is bi. and in supergirl, her sister is gay. oddly enough i cannot think of a male lgbt character in the arrowverse.  to go back to sarah, white canary, she moved into 'the legends of tomorrow,' which (after season 1) becomes a fan favorite show. sarah leads the team starting in season 2, and becomes the captain. all of these shows deal with actual queer relationships.",1,,
186372,this sounds like a lesbian porn title,1,,
453984,"ah, makes sense.   though i'm guessing trans women aren't included as you specify cishet?",1,,
246049,a bunch of lesbians gambling,1,,
681760,nah it is a sexuality just as valid as gay or straight. just cause it offends you doesn’t mean it isn’t. but only losers make their entire life based on their sexuality,1,,
407846,"bro never mind. i just looked at your profile and all you do is being the gayest gay bear of them all. i get it, you have to promote your investement, good luck to you sir",1,,
681427,i was in denial and i didn’t even realize it. like i had these moments where i was like “dude what is up with that guy?” and then i was like “straight guys can see how attractive guys are!” boy i had no fucken clue,1,,
310286,"thank you /u/randomusername860 for your submission! please don't forget to check our rules and our other communities https://gayporndepot.net/r   *i am a bot, and this action was performed automatically. please [contact the moderators of this subreddit](/message/compose/?to=/r/chubbygayporn) if you have any questions or concerns.*",1,,
554562,what the fucking utter fuck is this shit? doesn't he understand the internet is about cat photos and vagene and dick pics? he must be out of his goddamn pillow stuffing mind. i'm gonna make a fake porn hub profile of him and comment on the gayest shit then post the screen grabs on his platform.  fucking crack head shit.,1,,
128694,"there is one very real instance of ‘organized atheism’ (that i can think of) being used as a tool to destabilize an established religious population, and i find it abhorrent. of course i’m talking about the chinese communist party and it’s treatment of the uyghur muslim population. i just wish people would stop murdering each other over which myth they believe in, i wish people would stop cherry picking individual tales and excerpts to justify untold levels of hatred towards their fellow people over things that they can’t control. i was attending a catholic school during 7th grade, and somehow i was completely oblivious to the idea of differing human sexuality at that point in time. we were given a lesson on why ‘gays’ are going to hell to be punished, and in my ignorance i inadvertently came out to my class and teachers. the amount of hatred, disgust and mistreatment i received from that religious institution until i was politely asked to not come back the next year has shaped this disdain and mistrust of religion for me.    it’s crazy, delusional, hateful and goes against the progress of our species to still cling to these fundamentally corrupt and dated institutions. i refuse to separate the idea of theism from institutional religion until the day education and government are fully autonomous from religion. until then they are one in the same for me.",1,,
596312,the fox sports comment section for this bizness is an absolute dumpster fire of people claiming not to be homophobic but being blatantly homophobic.,1,,
450410,"hello and thank you for posting on r/gaysnapchat! this comment is just an automated reminder to our visitors about the rules and is posted on every new thread. **rule 1** this is an 18+ community. no minors allowed period. **rule 2** all posts must-have titles that include your age at the beginning. **rule 3** your reddit account must be at least *30 days old* to be eligible to post. **rule 4** do not lie about your age. **rule 5** you are only allowed to post once in a 24-hour period. **even if you delete your post, it will still count**.**rule 6** be polite. any rude, vulgar, or racist post will be removed. **this includes the fetishization of certain ethnic and racial groups or the exclusion of those groups**.**rule 7** absolutely no requesting contact from minors. **rule 8** we do not allow posts where users are advertising group chats. **rule 9** we do not allow users to advertise involuntary pornography. **rule 10** any post that contains illegal kinks will be removed. **rule 11** no sharing of personal information. **rule 12** no asking for upvotes. **rule 13** no asking for in-person meetups. **rule 14** the only text allowed on photo submissions are reddit and/or snap handles. **rule 15** all pictures must be your own. **users who violate any of these rules are subject to post removals and either a temporary ban or a permanent one.** *for a more in-depth explanation of each of these rules, navigate over to the rules section of the subreddit. also, filter posts by the announcement flair to check if there is any new update to the rules.* happy snapping!  *i am a bot, and this action was performed automatically. please [contact the moderators of this subreddit](/message/compose/?to=/r/gaysnapchat) if you have any questions or concerns.*",1,,
667285,"i was 22/23 when my mum met her fiancé, i can count on one hand how many times we’ve had a conversation/been in the same room together in the 6 years they’ve been together.  he’s not a horrible man and i don’t dislike him but i’m an adult and my mum would never force me or him to think of each other as family. i don’t send him a birthday card (i don’t know when his birthday is), we don’t spend the holidays together, i don’t know his adult children or count them as family either.  he’s my mums fiancé, not my step dad, he’s no one to me except someone who treats my mum well and loves her a lot. his relationship with my mum is totally outside of his lack of relationship with me.  i don’t think the best course of action is to ban his children from the home because their dad is right, it’s his house too. i’d just let it go, you can’t force them to care about you. i’d be so put out if my mums fiancé got bent out of shape because i didn’t say happy birthday to him.",1,,
518477,**straight women and gay men be like:** you are absolutely correct!,1,,
621882,i mean her husband is clearly gay so i guess she never needed to know how !?!?,1,,
533238,"hello and thank you for posting on r/gaysnapchat! this comment is just an automated reminder to our visitors about the rules and is posted on every new thread. **rule 1** this is an 18+ community. no minors allowed period. **rule 2** all posts must-have titles that include your age at the beginning. **rule 3** your reddit account must be at least *30 days old* to be eligible to post. **rule 4** do not lie about your age. **rule 5** you are only allowed to post once in a 24-hour period. **even if you delete your post, it will still count**.**rule 6** be polite. any rude, vulgar, or racist post will be removed. **this includes the fetishization of certain ethnic and racial groups or the exclusion of those groups**.**rule 7** absolutely no requesting contact from minors. **rule 8** we do not allow posts where users are advertising group chats. **rule 9** we do not allow users to advertise involuntary pornography. **rule 10** any post that contains illegal kinks will be removed. **rule 11** no sharing of personal information. **rule 12** no asking for upvotes. **rule 13** no asking for in-person meetups. **rule 14** the only text allowed on photo submissions are reddit and/or snap handles. **rule 15** all pictures must be your own. **users who violate any of these rules are subject to post removals and either a temporary ban or a permanent one.** *for a more in-depth explanation of each of these rules, navigate over to the rules section of the subreddit. also, filter posts by the announcement flair to check if there is any new update to the rules.* happy snapping!  *i am a bot, and this action was performed automatically. please [contact the moderators of this subreddit](/message/compose/?to=/r/gaysnapchat) if you have any questions or concerns.*",1,,
581758,"hello and thank you for posting on r/gaysnapchat! this comment is just an automated reminder to our visitors about the rules and is posted on every new thread. **rule 1** this is an 18+ community. no minors allowed period. **rule 2** all posts must-have titles that include your age at the beginning. **rule 3** your reddit account must be at least *30 days old* to be eligible to post. **rule 4** do not lie about your age. **rule 5** you are only allowed to post once in a 24-hour period. **even if you delete your post, it will still count**.**rule 6** be polite. any rude, vulgar, or racist post will be removed. **this includes the fetishization of certain ethnic and racial groups or the exclusion of those groups**.**rule 7** absolutely no requesting contact from minors. **rule 8** we do not allow posts where users are advertising group chats. **rule 9** we do not allow users to advertise involuntary pornography. **rule 10** any post that contains illegal kinks will be removed. **rule 11** no sharing of personal information. **rule 12** no asking for upvotes. **rule 13** no asking for in-person meetups. **rule 14** the only text allowed on photo submissions are reddit and/or snap handles. **rule 15** all pictures must be your own. **users who violate any of these rules are subject to post removals and either a temporary ban or a permanent one.** *for a more in-depth explanation of each of these rules, navigate over to the rules section of the subreddit. also, filter posts by the announcement flair to check if there is any new update to the rules.* happy snapping!  *i am a bot, and this action was performed automatically. please [contact the moderators of this subreddit](/message/compose/?to=/r/gaysnapchat) if you have any questions or concerns.*",1,,
591025,"**recommended subreddits:** /r/fuckgaming, /r/multitaskers, /r/asshole, /r/hairy, /r/girlsshowering, /r/amateurpornvids, /r/borednignored, /r/suctionblowjobs, /r/amateurcumsluts, /r/splitview, /r/degradingholes, /r/bbwvideos, /r/maturemilf, /r/girlsontop, /r/obsf (old but still fuckable), /r/facial, /r/anal_gifs, /r/pillowhumping, /r/handjobs, /r/wetspot, /r/goodgirlsswallow, /r/sloppyblowjob, /r/asianthroats, /r/gloryholeblowjobs, /r/feedingoncum, /r/japancensored, /r/japanuncensored, /r/fuckablesplits, /r/blowjobgirls, /r/blackgirlblowjobs, /r/throats, /r/greatview, /r/phonejobs, /r/cumov, /r/dildo_gifs, /r/daughtertraining, /r/dadwouldbeproud, /r/sexandsoles, /r/oldandyounglesbians, /r/lickityslit, /r/allpornnsfw, /r/roughanal, /r/footjobs, /r/prettylittlecumsluts, /r/joymii, /r/outdoorrecreation, /r/cuppingtheballs, /r/frombelowview, /r/ballsucking, /r/iwanttobeher, /r/politicsnsfw, /r/freeusefamily, /r/xart, /r/firstinsertion, /r/cumvids, /r/owym (older woman, younger man)   *i am a bot, and this action was performed automatically. please [contact the moderators of this subreddit](/message/compose/?to=/r/greatview) if you have any questions or concerns.*",1,,
771462,"&gt;if it looks like a religion, acts like a religion, smells like a religion -- it's a religion.  it doesn't look act or smell like a religion. the lgbt community includes many different cultures and religions, all of them in fact. it's in our nature, we are as much a part of humanity as skin is a part of you.   &gt;lgbt says its good to do what is gay and that you ought to act on that.  lgbt says it's wrong to disrespect others because they are gay. even lgbt teachers don't advocate for promiscuity among students.   but my point stands. a secular school has no business teaching christian morality. if you want secular schools to teach against the lgbt community, come up with a secular reason to push back.",1,,
510314,"your post has been removed because your account is too new. your account must now be over 30 days old** to participate here. read the subreddit rules and get familiar with reddit before posting again.  *i am a bot, and this action was performed automatically. please [contact the moderators of this subreddit](/message/compose/?to=/r/gaysnapchat) if you have any questions or concerns.*",1,,
715000,disney?  anti-gay?    insert surprised pikachu face.,1,,
118898,"yeah, i'm very immature. i casually push the limits of behavior, i get lost in sheer play i don't compose myself at all. i associate composed play with very nightmarish personal scenarios. i associate extreme impulsivity with not putting on airs, it attracts very awesome people but i'm real life it's horribly annoying to everyone, so yeah i know what you mean.  i think that with the experiences i've had meeting and seeing so many different types of people, could it be possible that women would like a person who's just someone seeking out lots of relationships and interactions with people? isn't that what people like? why can't i be that person but also for sexual things? find people into more casual sexual scenarios, like how gay dudes do it! i don't want to ""have sex with a lot of women"", i want to, to quote rocco siffredi, ""see the eyes going up in surprise"" but even with nice casual interactions like giving them something nice! i want to solve a lot of issues at once here, it's not just a dick measuring competition like some idiots have",1,,
916153,"**‘straight turned gay’ is a post flair for pictures or videos with two or more people in them with ’straight’ boys fucking ass, getting fucked or pegged, or serving cock.** please report this post if it is incorrectly flaired. ^if ^this ^post ^does ^not ^feature ^media ^with ^2 ^or ^more ^people ^in ^it, ^you ^may ^be ^banned ^for ^incorrect ^usage ^of ^flairs. solo photos are only allowed on mondays and fridays! users will be given the ‘straight turned gay’ or ‘turns straight boys gay’ user flair if they post this type of content.   our mission at r/straightturnedgay is to help 'straight' guys turn into sexually healthy, confident, and self-accepting gay/bi men. check out our [rules](m.reddit.com/r/straightturnedgay/about/rules), and our ['healthy sexuality'](https://www.reddit.com/r/straightturnedgay/comments/j5090t/find_healthy_sexuality_avoid_a_toxic_life/) post for info/resources on self-acceptance, self-love and how to come out or share your attractions with those you love. have fun!  *i am a bot, and this action was performed automatically. please [contact the moderators of this subreddit](/message/compose/?to=/r/straightturnedgay) if you have any questions or concerns.*",1,,
541291,"this is exactly my take. queerbaiting in media doesn’t bother me because i’m generally not watching anything to specifically see queer characters. if there are guys doing gay things and they end up being straight, cool. that’s a bonus and it really doesn’t impact my reception of the media itself.  what does piss me off is straight influencers who do things specifically to attract the gay community so as to get more followers and likes without being at all gay and/or actively being homophobic despite engaging in activities that strongly suggest they are attracted to the same sex. i can’t stand that.",1,,
331201,"hello and thank you for posting on r/gaysnapchat!    **if your think your post is not visible on the subreddit, please check out [this post](https://www.reddit.com/r/gaysnapchat/comments/u40td7/state_of_the_subreddit_ongoing_filter_issue/?utm_source=share&amp;utm_medium=web2x&amp;context=3) before contacting the moderators.**    this comment is just an automated reminder to our visitors about the rules and is posted on every new thread. **rule 1** this is an 18+ community. no minors allowed period. **rule 2** all posts must-have titles that include your age at the beginning. **rule 3** your reddit account must be at least *30 days old* to be eligible to post. **rule 4** do not lie about your age. **rule 5** you are only allowed to post once in a 24-hour period. **even if you delete your post, it will still count**.**rule 6** be polite. any rude, vulgar, or racist post will be removed. **this includes the fetishization of certain ethnic and racial groups or the exclusion of those groups**.**rule 7** absolutely no requesting contact from minors. **rule 8** we do not allow posts where users are advertising group chats. **rule 9** we do not allow users to advertise involuntary pornography. **rule 10** any post that contains illegal kinks will be removed. participation in poorly moderated communities is not tolerated. **rule 11** no sharing of personal information. **rule 12** no asking for upvotes. **rule 13** no asking for in-person meetups. **rule 14** the only text allowed on photo submissions are reddit and/or snap handles. **rule 15** all pictures must be your own.    *users who violate any of these rules are subject to post removals and either a temporary ban or a permanent one. for a more in-depth explanation of each of these rules, [click here](https://www.reddit.com/r/gaysnapchat/wiki/rules).*    happy snapping!  *i am a bot, and this action was performed automatically. please [contact the moderators of this subreddit](/message/compose/?to=/r/gaysnapchat) if you have any questions or concerns.*",1,,
464609,"oh my god i'm sorry. i really did just assume you're a woman too because, crochet. that was silly of me. thanks for setting me straight sir🤭",0,"crochet, setting me straight",gender
300110,"yes i would object to a child being taken to hooters, but at least kids aren't encouraged to wave money at their waitress there. the fact that this is the closest ""straight"" comparison you could think of shows me that you know an event like this is abhorrent but you try to create a false situation to somehow come to its defense.   moreover, i will be the judge of what my child will be kind and tolerant toward and do not need the help of the san francisco gay mens choir to circumvent the relationship i have with my kids. once again, we aren't talking about tolerance anymore. what we see today is the forced indoctrination of an entire generation of youth. it seems you believe that any means will justify the ends you seek. but when this community starts talking about having an influence on the children of others, i won't stand idly by and be ""tolerant"" of that behavior.   i don't need the blues clues drag queen holding a black power microphone (see link below) teaching my child about transgenderism or same sex couples.   nickelodeon: https://youtu.be/xprabkl1ld4  blues clues:  https://youtu.be/d4vhegf3wpu",1,,
673780,"hello and thank you for posting on r/gaysnapchat!    **if your think your post is not visible on the subreddit, please check out [this post](https://www.reddit.com/r/gaysnapchat/comments/u40td7/state_of_the_subreddit_ongoing_filter_issue/?utm_source=share&amp;utm_medium=web2x&amp;context=3) before contacting the moderators.**    this comment is just an automated reminder to our visitors about the rules and is posted on every new thread. **rule 1** this is an 18+ community. no minors allowed period. **rule 2** all posts must-have titles that include your age at the beginning. **rule 3** your reddit account must be at least *30 days old* to be eligible to post. **rule 4** do not lie about your age. **rule 5** you are only allowed to post once in a 24-hour period. **even if you delete your post, it will still count**.**rule 6** be polite. any rude, vulgar, or racist post will be removed. **this includes the fetishization of certain ethnic and racial groups or the exclusion of those groups**.**rule 7** absolutely no requesting contact from minors. **rule 8** we do not allow posts where users are advertising group chats. **rule 9** we do not allow users to advertise involuntary pornography. **rule 10** any post that contains illegal kinks will be removed. participation in poorly moderated communities is not tolerated. **rule 11** no sharing of personal information. **rule 12** no asking for upvotes. **rule 13** no asking for in-person meetups. **rule 14** the only text allowed on photo submissions are reddit and/or snap handles. **rule 15** all pictures must be your own.    *users who violate any of these rules are subject to post removals and either a temporary ban or a permanent one. for a more in-depth explanation of each of these rules, [click here](https://www.reddit.com/r/gaysnapchat/wiki/rules).*    happy snapping!  *i am a bot, and this action was performed automatically. please [contact the moderators of this subreddit](/message/compose/?to=/r/gaysnapchat) if you have any questions or concerns.*",1,,
325656,"hello and thank you for posting on r/gaysnapchat!    **if your think your post is not visible on the subreddit, please check out [this post](https://www.reddit.com/r/gaysnapchat/comments/u40td7/state_of_the_subreddit_ongoing_filter_issue/?utm_source=share&amp;utm_medium=web2x&amp;context=3) before contacting the moderators.**    this comment is just an automated reminder to our visitors about the rules and is posted on every new thread. **rule 1** this is an 18+ community. no minors allowed period. **rule 2** all posts must-have titles that include your age at the beginning. **rule 3** your reddit account must be at least *30 days old* to be eligible to post. **rule 4** do not lie about your age. **rule 5** you are only allowed to post once in a 24-hour period. **even if you delete your post, it will still count**.**rule 6** be polite. any rude, vulgar, or racist post will be removed. **this includes the fetishization of certain ethnic and racial groups or the exclusion of those groups**.**rule 7** absolutely no requesting contact from minors. **rule 8** we do not allow posts where users are advertising group chats. **rule 9** we do not allow users to advertise involuntary pornography. **rule 10** any post that contains illegal kinks will be removed. participation in poorly moderated communities is not tolerated. **rule 11** no sharing of personal information. **rule 12** no asking for upvotes. **rule 13** no asking for in-person meetups. **rule 14** the only text allowed on photo submissions are reddit and/or snap handles. **rule 15** all pictures must be your own.    *users who violate any of these rules are subject to post removals and either a temporary ban or a permanent one. for a more in-depth explanation of each of these rules, [click here](https://www.reddit.com/r/gaysnapchat/wiki/rules).*    happy snapping!  *i am a bot, and this action was performed automatically. please [contact the moderators of this subreddit](/message/compose/?to=/r/gaysnapchat) if you have any questions or concerns.*",1,,
251821,"hi u/skypefun11. thanks for your submission to gayskype. **if it has not appeared immediately it requires moderator approval** (*it's got to be released from reddit spam prison*). this shouldn't take very long at all and we hope it will never be longer than 90 minutes but we can't be around 24 hours a day. **please do not repost**.  the [community rules](https://www.reddit.com/r/gayskype/about/rules) are often updated and you should check them periodically. members found to be posting against these rules or the [reddit content policy](https://www.redditinc.com/policies/content-policy#section_prohibited_behavior) may face an **immediate and permanent ban** and/or reporting to reddit admin.    **thank you for helping us keeping this sub up and running - happy gayskyping!**    - - -     **28 m poland / if you're fit/slim like me, let's have some cam fun ;)**   live:.cid.f50fa0e59494f577   - - -   *i am a bot, and this action was performed automatically. please [contact the moderators of this subreddit](/message/compose/?to=/r/gayskype) if you have any questions or concerns.*",1,,
638592,i once knew a gay guy years ago before hookup apps who said he hated the bar scene because its just hey wanna fuck in the toilet? lol he was kinda transitioning from bi so the anonymous fuck market atmosphere put him off.,1,,
210782,"&gt; that stuff is clearly just advertising and clearly the players don't have an issue. but here we are taking something entirely different to advertising  so a gambling ad is just advertising. but a lgbtq+ ad is.... &gt; this is about supporting a way of life.  in other words it's an advertisement that the club supports lgbtq+ people.  so advertising.  they are advertising the clubs support. they are not asking the players to be gay, they are not asking them for anything else other than be a walking advertisement that the club supports the cause.  same as white ribbon, same as indigenous jerseys.   it is advertising. just as you said. it costs them nothing, it asks so little.    &gt; it's not asking for much.  it is not asking anything at all to wear the jersey and play the game.  &gt; there is no criticism of that way of life btw  do ya know what refusing to wear it is? and kicking up a big stink?  it sounds awfully like criticism.",1,,
285164,continue hating yourself. self love is gay,1,,
904330,"what trap, yeah i'm totally gay",1,,
162932,"inversely, minority gay men found dahmer handsome and intriguing, mainly because he was a normal looking white man.",1,,
286209,their family must be acceptive of homosexuality,1,,
119935,what does you linking a weird video from the daily mail of a drag queen have to do with trans people?,0,drag queen,transgender people
640443,"when playing i prefer to play with women (always making wlw couples in sims e.g.), but when developing games i sometimes default to considering the pc a dude even if it's not specified, and it sucks. it is more true in majority-men teams and when the game is not specifically designed with a non-male protagonist in mind.  in some projects, i've pushed hard to the mild annoyance of my (male) colleagues for a non-male character. the industry and devs are doing better than before, but i think it's mainly collective brainwashing (and the industry being male-majority) of devs to see pc as male as status quo, rather than intentional, ill-will sexism on behalf of the individual dev, though. they don't tend to see the need to think about the importance of gender.  customisation is a do or die kind of thing. if it isn't an rpg, there isn't much of a reason to spend more resources to give the player what is seen as a meaningless choice - particularly in story-heavy games where it'd require a lot of work for dialogue etc. letting the player customise would often mean it's a game pillar and has a larger part of a game (e.g. rpg) or on the rare occasion we have scoped the game perfectly and have time and resources for it.  there's evidence though that suggests that the more relation the player has to the pc, the more they'll learn and act in the form of their moral being. it could be both bad and good, though, and i doubt a lot of designers actively think about that.",1,,
799979,"**discussion posts are text only.** solo photos may only be posted on theme days. please share stories, professional porn videos and images, comics, discussion parts and other content on any day of the week. if this post is incorrectly flaired, **all users are encouraged to use the report button** to flag this post for our moderators to remove it.  pictures/videos of ‘straight’ boys getting fucked, sucked, pegged, or submitting to a stereotypically gay experience can be posted under the ‘straight turned gay’ post flair as long as two or more people are in the photo.  **is this a personal post seeking someone to chat or meetup?** consider also posting it to the pinned [megathread](https://www.reddit.com/r/straightturnedgay/comments/r6c8ri/stg_megathread_chat_post_personalsmeetups_seek/) post on our front page.  our mission at r/straightturnedgay is to help 'straight' guys turn into sexually healthy, confident, and self-accepting gay/bi men. check out our [rules](m.reddit.com/r/straightturnedgay/about/rules), and our ['healthy sexuality'](https://www.reddit.com/r/straightturnedgay/comments/j5090t/find_healthy_sexuality_avoid_a_toxic_life/) post for info/resources on self-acceptance, self-love and how to come out or share your attractions with those you love. have fun!  *i am a bot, and this action was performed automatically. please [contact the moderators of this subreddit](/message/compose/?to=/r/straightturnedgay) if you have any questions or concerns.*",1,,
887345,"it doesn't really check out that trans and gay people can 'do their own thing' and you be fine with them, but the same thing doesn't go for furries but okay buddy, i was just applying your logic to something else to make it look as dumb as it is",1,,
155705,"recommended subreddits: r/babesnsfw,  r/nsfwgirl, r/tenshigao, r/sexy_asians,   r/nsfw_taiwanese,  recommended around the web:  1. [vr porn videos](https://suckmevr.com)  2. [chinese av porn](https://avjiali.com)  3. [japanese porn](https://japanhdv.com/)  4. [solo & lesbian porn](https://baberotica.com/)  5. [solo & lesbian vr porn](https://baberoticavr.com/)  6. [vr porn pass](https://vrpornpass.com)  7. [jav porn](https://tenshigao.com/)        *i am a bot, and this action was performed automatically. please [contact the moderators of this subreddit](/message/compose/?to=/r/baberotica) if you have any questions or concerns.*",1,,
815859,"yeah, it seems that rhetoric that demeans and others the ""right"" people is more important than any particular notion of masculinity. nixon was a californian intellectual, reagan was a hollywood actor, trump is a new york libertine / tv performer, etc. all were able resonate with rural, red america for various reasons. your point about tucker is spot-on as well.  i think op is falling into the same trap as a lot of mainstream media and political professionals -- over-reacting to the george w. bush ""i could have a beer with that guy!"" kind of appeal to explain why republicans do better in certain areas. we may not always agree with rural conservative voters, but they aren't *stupid* \-- they can tell who is on their side and who isn't.  the traditional political class never thought that a black guy named barack obama could go anywhere, let alone win states like ohio and wisconsin -- but he did, in part due to charisma, sure, but also because he ran on populist rhetoric\* and delivered some major populist victories once in office, like the auto bailout.  \* obama was much more moderate in his campaigns than most remember -- he often called for stricter border security, and avoided discussing gay marriage, gun control, etc. until after his re-election.",1,,
400113,"yea that's the thing too. in a game having a silent protagonist is very different from a book that you read. in a game you're focused more on gameplay so having a blank character is something you can get away with more. while doing it in a book that you read it feels incomplete.  i do agree that nik is a more natural for sam. but i like how all 4 characters love sam in a different way. nik wants to protect sam at the end of it all. murdock kinda relies on sam for emotion support to get through his rough family situation to say the least lmao. william seems to use sam as a prostitute for his needs and emotional support when dealing with his wife for now. but i can see their relationship growing into something more special. while cliff is there to keep sam from leaving......i think? idk we'll find out about cliff in the next episode i guess lmao  and yea that's true about the 1915 thing. even when i was living in the texas panhandle its very conservative and you're safer not talking about being gay or showing it. it goes to show that time is relative and everywhere around the world is moving on a different clock in history, no?  another thing i liked about cliff's route is the way the tribe looks at sam and cliff for being there in the first place. the meseta tribe doesn't like that sam and cliff's people took over their land and cliff is studying them like they are a science project. the tribe just wants to be treated as human and left on their own. its a nice touch and add more of a human element to them since native american land was taken during the manifest destiny  near the end of cliff's route sam says ""i wonder if william sent out a bounty hunter to get me?"" do you think this means kane will be after him soon? maybe in murdocks route too? since we are never truly 'safe' from william in any routes besides his",1,,
913863,"that’s not what liberalism is in this context. there is nothing wrong with supporting people who are different and most people who vote conservative would agree with that. in educational settings the young impressionable people are being almost manipulated and indoctrinated like a cult. it’s made to feel that certain groups are more special and favoured, that there is something wrong with a kid who is not gay or trans for example. it’s insidious the same way boys were made to feel more superior than girls and that girls couldn’t do certain things. idk if it’s the manner in which these things are expressed or how some kids are interpreting the information but it’s the end result that is less than ideal. everyone has a place in society and no-one should feel lesser because of a certain way they were born. except for serial killers, etc.  this isn’t liberalism, this is humanism. i’m not excusing these protesters, i hate it but i can understand their point of view and see where their frustrations lie. i’m sure some are out and out bigots but more are just afraid of what might happen if their straight kids feel they have to pretend to be someone they aren’t just to fit in, coming full circle.",1,,
684678,"same. not gay, and don’t know shit about web sites, but will also refuse out of solidarity",1,,
964385,omg where do i start.  everything is a conspiracy. all tv shows are trying to make people gay. cashless banking is dangerous. people are not intelligent anymore. we are all brainwashed. the government keeps ‘changing its mind’ about what causes cancer. the royal family are both amazing british people and reptilian shapeshifters. they planes are spraying chemicals overhead. global warming is fake.  ugh. can you tell i’ve had enough?,1,,
124178,"hello and thank you for posting!  enjoy the community and please follow our rules, especially **rule 1**:      * *promoting any social media in the title or comments is forbidden. violation of this rule will result in a ban*  you should check and join:   *  r/homemadexxx   *  r/lesbiansgonewild  *  r/gstrings  *  r/cutelittlebutts    *  r/flashinggirls  *  r/teenbeauties   *  r/sexiestpetites  *  r/18nsfw  *  r/cutegirlsgw  *  r/adorableporntoo  *  r/younggirlsgonewild   *i am a bot, and this action was performed automatically. please [contact the moderators of this subreddit](/message/compose/?to=/r/daughtertraining) if you have any questions or concerns.*",1,,
401079,"hello and thank you for posting!  enjoy the community and please follow our rules, especially **rule 3**:      * ***promoting any social media in the title or comments is forbidden. violation of this rule will result in a ban***  you should check and join:    *  r/lesbiansgonewild  *  r/fucktitles  *  r/homemadexxx  *  r/gstrings  *  r/realsexyselfies  *  r/cutegirlsgw  *  r/adorableporntoo  *  r/1819gw  *  r/1819gonewild  *  r/younggirlsgonewild  *  r/collegensfw   *i am a bot, and this action was performed automatically. please [contact the moderators of this subreddit](/message/compose/?to=/r/dadwouldbeproud) if you have any questions or concerns.*",1,,
