random_id,text,age_relevance,false_positive_words,false_positive_categories
649120,i think critical thinking should be taught in elementary school so that kids can solve real problems by the time they are in high school.,1,,
716430,"senior biology major. i like protists, cats, and tables.",1,,
621659,"it's not shallow, it's prudent.  by nature and nurture i don't want fat kids.  as such i look for a woman that falls under the healthy weight category.  and that comes from her fitness level suggesting her genetics and behavior will provide superior conditions for the raising of our children.  oh yeah, i also lead an active lifestyle and would like to share that with the family i hope to raise someday.",1,,
494846,"again: college-aged kids generally means ""broke""",1,,
184588,"this used to cause me so much angst when i was a kid, after i read the velveteen rabbit. i felt so guilty if i didn't pay enough attention to my toys. that's fucked up.",1,,
500399,"yeah, because there's totally an age limit on those op.  god, why can't children live with the technology of yesterday???",1,,
984945,"you won't have a lot of space and will (likely) be sharing it with another human so some things that i wished i would have had/known are:  * a hot pot is your best friend for late night snacks * hooks to hang things on the wall and in the closet will help maximize space... but use the ones that come off easy so you don't get a move-out fine at the end of the semester * cinder blocks or something to raise up your bed (your school may even provide these) so you have extra storage space under the bed * a white board for the door so people can leave you messages * a box where you can lock things up. even if you trust your roommate implicitly you never know who'll be coming in and out of your room so you want to lock up some valuables and hide it from everyday view * shower shoes. school showers are gross. don't put your bare feet on those floors.  * first aid kit... college kids are always getting into shenanigans. * ear plugs... sometimes bitches be loud and you have a test the next day * if you're hanging anything on the walls, tape is likely not going to hold it up there so get that gummy stuff or command strips * quarters. buckets of them. laundry is expensive and quarters are critical.    also, only bring the essentials... your available space is going to fill up super fast. oh, and coordinate with your roommate... you don't need two refrigerators, two tv's, etc. so whatever you can work out and share in advance will be key.",1,,
294437,"a lot of people lose the never-had-a-baby-bodies without having babies.    i had a great body until maybe 24 or so.  then a couple injuries and illnesses and i gained a bit of weight.  with just a few more years of age that became very hard to work off.  although i work out, i don't work out 12+ hours a week anymore.  i don't have that much time given that i have a job.  so i'm not getting my early-20 something body back either.  it's not just having a baby that does it, it can also be aging, working, genes, metabolism, injury, illness, other hobbies, car commuting, sedentary jobs, chronic health problems, and/or poor diet.",1,,
755768,got into quite a row once with a middle-aged man at a friday night when i tried to explain about the polytheistic notions in kabbalah. he kept insisting that they are only manifestations of one god. jews and their semantics....,1,,
338453,[mostly rip off old people who aren't tech savvy enough.](https://www.consumeraffairs.com/news/lawsuit-aol-rips-off-non-tech-savvy-seniors-103113.html),1,,
942470,"being a pedophile has nothing to with morality, because it doesn't involve a decision or a deed of any kind. therefore it is neither right or wrong. one doesn't choose to be a pedophile and cannot choose not to be.  as most probably know, pedophilia means attraction to children, not child abuse. these are two different concepts. the linked article makes a wrong assumption that an innate feeling justifies actions about it, and the rest of the article seems to be fighting that strawman.  one of the points in the referred la times article was that the distinction between being a pedophile and molesting children is important. and that it does make sense to support pedophiles in not being the latter.",1,,
506679,"i didnt ""escape"" but i did narrowly avoid the ""open range prison"" by way of observation and inference. two men demonstrated for me the life of a slave animal and the cost of following the traditional path in the modern age. these men are my father and a random man who became a brother to me.  i could also say the women helped me just as much by demonstrating hypergamy, female abuse tactics, social support for female violence, and really every bad thing we may have ever said about women on these forums.   through my father i learned what being a man was about. strength to be used to help the weak, intellect to solve problems, and passion for what was important. my parents divorced when my mother was indoctrinated by feminism, her words not mine, into thinking that the role of mother was bourgeois until it was too late to save the marriage. eventually the desire for companionship lead him to meet c. c was a thirty something with a teenage daughter. they met at a parents without partners club and soon began to date. while the courtship period was going she presented herself as a kind hearted and gentle woman who cared for people beyond herself, but that changed when they got married. child me really liked the woman and when i was asked about her becoming my new 'mother' i ignorantly endorsed the idea.   immediately following the marriage her entire personality shifted. she quit her work to become a ""housewife"". i use that term in quotes because my father still did almost all the home making. she demanded that the family move out of the paid for mobile home we had lived in for years. her once friendly demeanor became authoritarian and where once there had been quiet admonishment derision and shaming now stood.   over the years she never changed back. the switch had been thrown and the real woman had her nest feathered. my father played his role dutifully and foolishly expected her to be doing the same thing. he worked a white collar job out of his house with the rabid need to acquire resources he saw his father do.   she continued to leech off of him and never really got back into the work force. she smoked pot constantly and never did typical house hold duties. i dont mean she failed to properly play housewife i mean she never once vacuumed, cleaned a dish, dusted, washed clothes or anything. as a child i was never able to understand how this state of affairs could be real.   apparently c was a party girl outside the house and in the bedroom. my father was a simp and he had no idea there was ever another world for him to live in. so even if she was kind of a bitch at times to him she was fun enough to ignore the worst stuff.   after we kids left the nest she demanded another move. this time they moved way out into the country where she could raise her 5 cats in peace as my father worked himself to death. he would awaken to the shit deal he had and embrace his freedom eventually. he paid her almost 500,000 dollars in the divorce but it was money well spent to be free.   he's now happy and has lots of hobbies, friends, and time to savor life.  i met my brother, lets call him m, through a mutual friend and we hit it off immediately. he was attached to another parasitic woman like c but she had hit her stride early and knew how to play m like a fiddle. m lived to serve her needs and desires and was madly addicted to her approval.   over the years i watched their relationship play out as a funhouse mirror of my fathers life. she studied and went to school while he worked himself to exhaustion. she did no cleaning. she provided little money to the household because she knew m would allow her work to be her play money on top of what he was more than willing to give her.   when he was working overseas she guilted him for leaving her all alone and when he was home she demanded his constant attention. when he stepped out of line she would throw tantrums that included physical violence and psychological abuse. there was just no end to the things this woman could demand and every time m fed off the challenge to his perception of manhood.   he thought ""the more it hurts the more it shows you really care"". thats right folks he was so bent to her will that he thought poison was wholesome food.   she graduated while he worked and she began pursuing a masters degree in....womens studies. her arguments became infused with the oppression olympics and victim status double standards we all know and love in modern feminism. he paid for all this.  as she slowly and methodically tried to cut him off from his friends i stayed there with him. growing up around c had taught me to play the same sick mind games she used on me and my father. over the years i actively sought to destroy this poisonous relationship behind her back. unfortunately i too had swallowed a kind of poison and had lost my moral sense.   eventually she pushed her hand and raked a huge pot. she leveraged her constant assertions of ""emotional abandonment"" into a one sided open relationship. the years of abuse she had heaped on him left him little room to maneuver here and he agreed to it. i was the first name suggested by her.   i betrayed my best friend a few days afterwards. i slept with his wife with his knowledge and ""approval"" for almost three months while he was working overseas. when he came home i reverted to the mutual friend and when he left i indulged. i didnt want this woman but sex is sex for a 20 year old man. i still consider this my greatest crime against my fellows.   one day i raised this weird situation with him and it became obvious that he didnt know thatshe and i weere still fucking. to him it was just a random one time event. to her it was license to fuck whomever she wanted. i was too selfish and cowardly to risk rocking the boat. when i discovered the broader story i told him everything i had done. at this moment m taught me what forgiveness was and what brotherhood meant.   he confronted her in private and they hashed it out, but the damage was done. she kept courting the other guys in our mtg groups and looking for her next mark. she and i had been close and i'd describe our friendship as a den of vipers arrangement. as long as we didnt turn our fangs on each other we could live harmoniously, but i'd bitten her by telling m the truth. this was the beginning of the end for their relationship.  at the time we all lived together but she spent most of he time at her new marks house. the new simp was a perfect mark; recently divorced, emasculated, not attractive but willing to pay for what his looks couldnt get him. she turned all her skills on me. she even tried to file a false dv charge on me and only a paranoid need to record our interactions and some rare policemen saved me. she sent her simp to threaten my life at my job a few times and tried to tell my employer that i was a thief. the mind games continued for a few more months until i could get a new place of residence.  eventually he got out of the relationship. he bought her a car, paid for a new apartment and left her behind. the years of psychic damage could now be healed.   he moved south where he met his current wife and he found a measure of what he'd been searching for. i'd call him a nether ape but he knows all about mgtow and sees it as not for him. do we have a word for those who willingly embrace the risk or annihilation?    now i'm 27 and have been a mgtow for about two years, maybe a year of that spent not knowing i wasnt alone. what these men and their travails taught me was that society had lied to me. women were in a position of insane authority sanctioned by society and embraced with gusto by the worst of them. hypergamy was rampant and each woman would take whatever she could get whenever she could get it. violence by women was ignored and anyone who'd dare suggest it was wrong was an abuse denialist. these men together made it unnecessary for me to suffer their lot in life.",1,,
718085,yours is one of few reasonable comments here.   the presumption that this man is telling the truth is fucking unreal. unreal.   a bunch of children with an anti-authority bent are taking this headline at face value and looking into it no further.,1,,
935646,i'm sure feminists will be outraged at the prospect of women being pushed into traditional mothering roles right ?  men denied equal opportunity to become parents to look after the children is exactly the kind of equality feminists say they fight for right ?﻿,1,,
173838,i waited until 29. i've been with my partner for 12 years and don't regret waiting until i was really ready at all. i'll be thirty when my daughter is born and that may be the only one. if you want lots of kids it may be different because risk goes up so much at 35 but i'm comfy with my decision.,1,,
508317,"18 is not that arbitary. humans become sexually major before their brains mature. the age of 18 gives them some time to let their bodies and their prefrontal cortex develope, to let them get experience with people their age, get some life experience and defends them at least legally against older people that want to take advantage of them. people that have sex with people that young usually do it because these kids are easy to convince. such relationships are pretty one sided with most of the power in the older persons hand. those people are not good partners. just imagine being a father and you see a 28 year old trying to have sex with your daughter. there is something wrong with somebody who can't get sex with people his own age and you'd think it's ok to let them loose on a kid between 14 and 18?",1,,
322996,"perhaps they could gamify the job and give performance related bonuses like in the video games these kids play these days, along with their violent rap music. clip 5 foreigners, you get a mini fridge in the 'cockpit'. once you hit 15, a cigar humidor. etc...",1,,
155860,"how do you know? you tried it.   i'm interested, how do the kids affect it? was it strictly casual? i'm basing this all on the abstract, so if you've gone through it, i'm interested in your perspective.",1,,
796899,"think about at least these two things.  1) where geographically will you work during your career (commute issues)  when we bought a house in south renton (benson hill area), i just accepted that i would never work on the eastside (again) . downtown or southend that was it. i had worked in bellevue when we lived in seattle and hated it, so that was no biggie.  2) where will your kids go to school:  we did not even consider schools when we bought our house. our only child at the time was 2 years old.  luckily we landed in the area of some decent renton sd schools.  at one point we considered moving back to seattle when our oldest was accepted into the seattle sd's app program. we even made an offer on a house in wedgewood/viewridge that was half the size and twice as expensive as ours. thankfully, we didn't get it.",1,,
394816,"…my ex husband can't seem to grasp why i am angry at him for cheating on me and bringing another woman under my roof with me and the kids in the house, and he hopes her and i will be best friends someday.  it is absolutely a believable scenario for some of us",1,,
430370,"i mean, there are different types of paganism. my brother is asatru (norse paganism) and he was saying that paganism gets a bad rep because edgy 20 year old art majors who are pissed at their parents become wiccans and rip off other pagan religions and are generally the hipsters of paganism. but either way if it helps people and doesn't effect me, go for it.",1,,
525009,"so because a minor can't be arrested, that means that the people who forced them into working can't get arrested? it's not like all of a sudden it's legal to peddle kids.",1,,
612817,there seems to be a certain generation of people who think a baby/toddler/child with any exposed skin must be freezing... even as the adult doing the criticizing is dressed in skimpy summer gear.,1,,
994149,"""all you need is exercise. you teenagers are too lazy. this will cure your chronic nerve pain. also, start to diet.""",1,,
455383,"i find it fascinating how we react so differently. i grew up in semi-affluent suburban australia. i guess i was aware of black people from watching tv in the 70s but i didn't meet one in the flesh until i was in 6th grade. i went to a summer camp and there were two black kids there of my own age. we bonded immediately and for the week of the camp, the three of us were inseparable!",1,,
469734,i also had a majority of these games; hopefully i'm not alone having some childhood resentment of these game for being so ridiculously hard.  the only way i was able to beat it was with my game genie.  bayou billy and battletoads were the two hardest games i owned...and lion king on genesis.,1,,
585114,"my fiancé needs a new facial scrub. he used neutrogena shine control daily exfoliating scrub for years and loved it but they seemed to have discontinued it as he can’t find it anywhere (wal-mart/cvs).  he had oily skin but if he goes too long without washing his face, his skin starts to flake. (he calls it ‘molting’.) he has bad acne as a teenager but is completely clear now. he washes his face every time he showers.   any recommendations for anything that might be a good substitute? moderate price range... under $15.  thank you so much for the help!",1,,
835099,"i'm 30! i moved back in with them well.. okay, it was a trap set up by my nmom and i took the bait.   i was living in a different state. i have a cardiac condition that has lead me to becoming disabled. i moved out of state to get off the street and away from that life, it landed me in a small rural town in middle america. i knew someone there who i had a relationship with which is why i went...but that abruptly ended, and i got my own place. no resources, no transportation out of town or to medical appointments. my health was neglected severely and i was so badly isolated being in rural america that my mental health fell apart. my mom miraculously found a house through her friend a few months ago. said it was a fixer upper but would do her best to make it work. i didnt take the offer at first, reasonably skeptical, but over time she insisted it would be okay. after some consideration of my (then) current predicament, i asked her again if it would be a working situation. she assured me it would. i booked the ticket for 3 months later. a week before i was set to arrive i got the bad news that it wasn't going to work out. huh, interesting. the ticket was already paid for, and my landlord already had a replacement tenant. i took the plunge thinking i could get myself a studio once i saved up enough. i arrived here and i am swept back into a horrible situation. my parents also live in a rural area but the surrounding areas are densely populated.  surprise surprise, my income is too low to qualify for any apartments. so i've been with them since early december.   since i've been back she has threatened to hit me multiple times. encroached on my personal space repeatedly, asserted herself past my communicated boundaries, insulted the way i look, claimed i am a bad pet owner, lied to my dad (the major enabler) to turn him against me, imposed herself in my business, constantly negative/berating and miserable to be around, steals in front of me in public spaces (like at the store) and on it fucking goes.  anyway that same day she asked me to put her socks on for her (which she is more than capble of doing herself) she also asked me to get her things and bring them to her. constantly like i am her slave, shit she pulled on me in my teens. the difference now is that i refuse and when i do so...hell breaks lose. she becomes irate, condescending, belittling and irrational. making me out to be a terrible child for not servicing her every need etc. then stood outside my (closed) door berating me verbally as i repeatedly shouted (through the door) for her to leave me alone. finally i swung the door open and hulked in her face ""shut the fuck up!!!"" to which she acted completely shocked and told me to go back to the street.   since then she has turned my dad against me too (even worse) and because he saw my anger outburst (but never sees her boundary breaking and antagonistic behavior) has stated that i need to get out of here asap. meanwhile, i'm suffering with my heart stuff and i shit out blood two weeks ago..having serious gi problems as well.   simultaneously i am dealing with extreme suicidality (because of my situation here) and receeding back into a state i was mentally before i got into therapy. not a good situation.",1,,
251544,&gt; people started taking those hard-won working conditions for granted and let unions fail and fade.  you mean the baby boomers.,1,,
774656,"honestly, making a game out of cleaning up spilled things sounds so effective, whenever i have kids i'll have to try it.",1,,
639609,"whenever i see moms taking pictures of their kids, i try to offer to take one of the mom and kid! so many loving parents have few pictures of themselves together with their kids",1,,
965804,"it made all the shitty gangsters on instagram and snapchat look like children though, so that's a bonus.",1,,
576587,"i don’t own one but if i did i’d probably still wear it.   the only circumstance in which i wouldn’t is if i had a wife and kids who could be put in harms way of the crazies, but i don’t have either of those yet so i think i’m in the clear.  i don’t think people should be afraid to wear a hat supporting their country or president. i’d also hope that someone not ruin their life over someone else’s decision to wear a hat. just not a smart move.",1,,
595599,"at one point in season 2 she talks down to alucard, mentioning how he's sort of a teen in an adults body. so i believe she's likely older, being in her 20s for sure.",1,,
534412,"thank you antonia for answering my post and for your extremely stimulating sexy post. for that i definitely owe you a response.   let me start by saying wow. you have a lot of questions so obviously you care that this goes well. it sounds like you already have a fulfilling passionate love life and as one who also had one i can tell you it's wonderful especially if it lasts. my wife and i were lucky to share over 30 years of amazing sex. up until a couple years ago we were still doing it at least once a week. they would be long sessions starting with back and front rubs and long sessions of foreplay. even after 30 years the sex was still getting better. you too have the ingredients for that. attraction, passion and a desire to drive each other sexually wild.  unfortunately things changed a couple years ago but that was actually more about having grandchildren and their cock blocking parents  but that's a story for another day. during those earlier years i never imagined i would enjoy anything up my butt and my wife was definitely not interested. one of my co-workers always said ""every woman wants anal."" well someone forgot to tell my wife. i tried a couple times over the years but she rebuffed my attempts, even tickling with fingers wasn't welcomed. and definitely not interested in doing that to me. and to be honest i wasn't interested  i personally never imagined the pleasures i experience now. i innocently stumbled upon an article about prostate orgasms and said to myself, ""i gotta have one of those"" more stories for another day. which brings me to today. i always had very nice self pleasuring sessions but the addition of anal play has taken it to an other worldly level.  i want to answer your questions but of course it will be from the perspective of someone experimenting anally solo. i definitely know what feels good to me but at the same time it has been a sexual awakening to me and i'm still learning and feeling new sensations all the time.  you have a lot of questions so obviously you care that this goes well. sounds like your bf is already into it so i wouldn't worry too much about it. a heads up might ruin the anticipation.  work it into your usual activities. let your fingers wander, tease and titillate. watch his reactions and that will tell you he's willing to accept the next step. i can visualize your bf on his back enjoying one of your great blow jobs, you occasionally letting your fingers wander near his anus, getting a little closer, a little more frequent. your tongue wanders past his balls here and there and all he can think about is that conversation, quivering at the thought he's going to experience what made you feel so good. i don't think you need to announce it or worry about perfection. just have a good time and enjoy. what awaits your bf is amazing.  your questions  i like to be on my back. if i was being rimmed that would be my preference. when i have a toy inside me, on my knees feels really good and so does standing up and moving to the music.   i don't remember having an orgasm while tickling or lightly probing my butt. as per my post you responded to, i have not experienced anal play with my wife so i can only tell you what feels good when i self stimulate. most of the time i orgasm, i do so with a vibrating toy inserted and i'll jerk off while either moving the toy around or sometimes while banging myself with the toy. it is not a soft tickly orgasm. rather it is prolonged and intense with powerful orgasms. really great. using your fingers or a toy, with some experience, he will enjoy mild prostate orgasms. there is no ejaculation. his anus will throb and flutter. as you keep going the prostate orgasms will intensify and occur more frequently. the throbbing gets more intense and his body will shake. if you get into using toys i can give you some tips that will drive him wild for me it took a long time to process what was happening to my body to fully enjoy these crazy sensations. now i have a lot figured out but every now and then i'll feel something altogether different i have not felt yet. i can give myself well over 20 prostate orgasms of varying intensity when i enjoy a long session. now i know how lucky you girls are to experience multiple orgasms. really exciting finding things out about your body. and even better figuring out what your partner likes.   what i like is mixing in playing with the nipples with the cock stimulation. if he lets you eventually stick a toy in him, sucking the cock while playing with his nipples is a very high level of excitement and intensity and will produce sensations inside him that are just wonderful.   as for the perineum, i prefer teasing and tickling to rough or painful with any of my body parts.  lately though i've been using nipple clamps and aside from the pain/excitement of the initial clamp, this hightens the sensitivity of my nipples - a lot. and when the clamps are removed the nips are so hard and erect and oh so sensitive.  if he likes the knuckle trick stay with it. that reminds of a couple seinfeld episodes. jerry had a move that he shared with george and then elaine, jerry's ex, taught putty the move and putty was spreading the word about the move and claimed he invented it. they never explained the move but did mention a knuckle was involved  here's a good tip when using a toy. i like a toy that's a little fatter in the middle than at the tip and base. work it in slowly. once you have him loosened up a bit, pull the toy out and position the fat part of the toy about an inch inside him and gently ride that fat part on his sphincter. slowly like 5-6 times and then plunge that toy inside him. hold it there all the way in for a little while with one hand and play with his nipples with the other hand. slowly pull the toy out and repeat. within minutes he will be enjoying the throbbing, and pulsating and he will be quivering and shaking. not to mention lots of precum.",1,,
578742,a part of my childhood just knocked from the back of my head this better be good,1,,
434548,"&gt; fear  that’s not what transphobia is.  &gt; as for my views on interracial dating...yup, she shares those too.  so racist? cool.  and, according to you, the kavanaugh incident didn’t happen?   just wanted to confirm if you were a scumbag because no way in hell a middle aged dude who dates high school seniors/barely-out-of-high-school girls isn’t.",1,,
720338,i understand that after being dropped on the head as a baby it might cause reading comprehension difficulties so please read it again and again until you finally manage to understand a simple sentence. stay strong my handicapped friend! :),1,,
731387,"the federal government has a record of  “breaking  up” all large scale “separatist” movements from branch dravidians to ruby ridge to sovereign citizens and made sure media has painted them as backwards rednecks and pedophiles.   please watch the recent  *waco* miniseries. i normally don’t endorse tv, but this is fantastic. it paints koresh in a sympathetic light and how the atf murdered little children.",1,,
639614,"because they are, for the most part, content with where they are in life and are generally reliable workers. i worked with this type before when i worked in a kitchen in college. i wouldn’t say they are trashy more or less they are too comfortable to make any drastic life changes.   why learn new skills or take on new responsibilities when you are content with living day to day? to managers it’s better than hiring a 18-20 year old that may not be as reliable and will  understandable quit, or drop their hours drastically near the end of summer for school.   the creep factor is the only downside but most of the kitchen staff i worked with understand it’s weird to hit on teen waiters.",1,,
876408,"i guess question to everyone but do you think some generational trauma (not family trauma but whole generation of people) can trigger ed? like my great grandma because she grew up after the ww2 i think it affected the way she saw food - she wouldn't give us a lot of food i.e meat, bread etc because it needs to be saved up and you shouldn't eat a lot of lol",1,,
723956,"i've recently realized why kids hate school so much (at least in america). it's because it feels like you're going to a prison for a day, every day, for 13 years.   while the students are obviously in the wrong, there's a reason they don't care about trashing the school that reach's further beyond just immaturity.",1,,
810352,i think we should also be worrying about people using a mentally disabled child as a political pawn  greta thunburg is just another example of people only letting kids talk when the kids agree with them  most people have never even heard of kyle kashuv  btw her aspergers could have a negative impact on her views as common symptoms (i don’t know if she in particular has these are obsession over a limited number of things and aggression.  i’m not going to flat out say she’s wrong but i will say i don’t like that the situation. i don’t like people being used,1,,
688114,"[](#start_removal) hey there, u/calmlyslurpsoup! thanks for submitting to r/im14andthisisdeep.  we liked your submission, *snapchat is a goldmine*, but it has been removed because it doesn't quite abide by our rules, which are located in the sidebar.    your post has been removed because it's not deep, or it is religious, conspiracy related or political.  **please do keep your posts *deep*.**    * no politics or conspiracy theories  * no religious thoughts or criticism  * no showerthoughts, especially anything from r/showerthoughts * no sbeve/14 year old girl posts * no cartoons/caricatures/comics, in other words: boomer humor  we also prefer oc, but obviously that's not always possible. just try to keep it as original as possible!  while we appreciate your effort in posting we ask that you find something that is actually deep. you are more than welcome to try again!   thank you!     thanks for submitting! for more on our rules, please check out our [rules](https://www.reddit.com/r/im14andthisisdeep/about/rules).  if you have any questions or concerns about this removal, feel free to [message the moderators](http://www.reddit.com/message/compose?to=%2fr%2fim14andthisisdeep).  please link the post so our volunteers know what you would like reviewed.  cheers! [](#end_removal)",1,,
287323,"it continues:    you are of god, little children, and have overcome them, because he who is in you is greater than he who is in the world. they are of the world. therefore they speak as of the world, and the world hears them. we are of god. he who knows god hears us; he who is not of god does not hear us. by this we know the spirit of truth and the spirit of error. beloved, let us love one another, for love is of god; and everyone who loves is born of god and knows god. he who does not love does not know god, for god is love. in this the love of god was manifested toward us, that god has sent his only begotten son into the world, that we might live through him. in this is love, not that we loved god, but that he loved us and sent his son to be the propitiation for our sins. beloved, if god so loved us, we also ought to love one another.",1,,
947273,"if you mean somewhere with less idiots like you, then yes. please stay away. go post some more boomer memes or whatever it is you do.",1,,
218682,"you probably don't have to worry about pedophilia or anything if that's what your implying, i haven't heard of a man becoming a pedophile from just a porn addiction, and most pedos don't go after their own kids.",1,,
152205,"**this is an automated message posted to all posts in this subreddit with some basic information about the group including (very importantly)  rules.  why are you getting this message?  most people seem to not read the sidebar for information or the rules, so it is now being posted under all posts.**    **confused about acronyms or terminology?** [click here!](https://www.reddit.com/r/raisedbynarcissists/wiki/acronyms)  **need info or resources?**  check out our [helpful links](https://www.reddit.com/r/raisedbynarcissists/wiki/helpfullinks) for information on how to deal with identify theft, how to get independent of your n-parents, how to apply for fafsa, how to identify n-parents and so much more!  this is a reminder to all participants, rbn is a support group that is moderated very strictly.  please report inappropriate content so it can be reviewed by the mods.  **our rules include (but are not limited to)**:  * no politics. * advising anyone in this subreddit to commit suicide or referring anyone to groups that advocate this will result in           an immediate ban. * be nice. no personal attacks, name calling, or bullying. [no slurs](https://www.reddit.com/r/raisedbynarcissists/wiki/slurs) or victim-blaming. * do not derail the posts of others. * narcissists are not allowed to post or comment here. * [please refrain from posting ""uplifting"" threads](https://www.reddit.com/r/raisedbynarcissists/wiki/upliftingposts). * when you comment/post, assume a context of abuse. * no asking or offering gifts, money, etc. * no content advocating violence, revenge, murder (even in jest). * no content about n-kids. * no diagnosis by media/drive-by diagnosis. * no linking to facebook pages. * no direct linking to anywhere on reddit. * no pure image posts.   **for a full list of our rules/more information, [**click here**](https://www.reddit.com/r/raisedbynarcissists/wiki/rules).**   *i am a bot, and this action was performed automatically. please [contact the moderators of this subreddit](/message/compose/?to=/r/raisedbynarcissists) if you have any questions or concerns.*",1,,
641775,"we went through the ""why the fuck are we saying this "" when we were kids, so now we are used to it.",1,,
416431,"unfortunately it won’t matter. i don’t play against mouse and keyboard and none of my friends will either. if they separate lobbies we will play. if not i’m out. i didn’t buy a console to be put at a massive disadvantage. and time and again it’s proven to be a massive disadvantage. great console players probably do great against average m&amp;k players.   i am not a great console player. neither are my friends. we are casual players with families and full time jobs, so as it should be we suck at kids video games. not going to play against pc players.",1,,
288360,"nta, and you may love your husband but i think it might be worth your time to deeply reflect on whether you want your child to be raised in a house and maybe come to espouse the same beliefs as your husband. your husband is controlling and abusing you. children pick up on this pretty fast, and by letting it happen you’re condoning your kid thinking that abuse is ok in the future.   good luck op.",1,,
997097,"&gt; 'in the hospital' instead of 'in hospital'  we would use ""in the hospital"" when referring to a particular hospital, but if talking generally about people being hospitalised we would say ""in hospital"". in a similar way that you might say ""all children in this country go to school"" rather than ""all children in this country go to the school"".",1,,
328520,"&gt;aken away most of people's social supports, separated them from friends and family if they don't live in the same house, heck most places you can't even see people's faces in public. churches in some places closed, others restricted. most clubs and groups moved to online or suspended. going out isn't fun anymore, what little is available to do, and there's almost no human connection anywhere except in your own household if you're lucky enough to have even that.   &gt;   &gt;it's cruel. it's enough to se  im in my 30s and im doing just fine, if ur in ur 20s or teenagers then ull just have to get over it. u dont have the wisdom that comes with age, u simply havent been alive long enough to know what group sacrifice really means. u live in society with 7 billion other human beings, u do what u have to do to live in society. u signed a social contract the moment ur born, thats what life essentially is folks, we got laws and regulations for a reason, if u hate it then run for office and make the changes urself.  doctor visits can be had with tele medicine, i been using it jus fine since march when we had lockdowns in my area, i talk to therapists just fine every week either, im done listening to young ppl b!tch and moan, u got 60-70 yrs left to be alive, stfu and deal with it  we have the technologies of 2020, u can instantly talk to anyone in the world whenever u want, however often u want, theres no excuse for being lonely whatsoever. i do plenty of video chats and im jus fine, im just worried for my physical health thats all",1,,
116735,i want us to reach ghost so i can see mid 30s tobia with newtype dad powers.  that'n a middle aged seabook going ham on an attack force and then teaching the kids how to make bread.,1,,
479153,"as someone who grew up with the internet (i'm 30) but is old enough to remember a time when it wasn't as prevalent- i want to throw a *bit* of a bone to our older kin.   you and i are aware of all this because of the wealth of information on the subject available to us- we're just normal people with no special degrees or specialties. add to that the widespread availability of content on the matter like attenborough's films. (netflix, bbc online ect)  yes- people knew back in the 80s (scientists, certain executives, powerful people, ect...)- but *average* people didn't have any meaningful access to that information.   our parents, that kooky next door neighbor with the muscle car, you're uncle rick who works at an auto factory- they likely didn't know much beyond hearing the buzz-word ""global warming"" in passing back in the 80s.   none of that matters though- blaming people changes nothing.   what matters- what our time is best spent focusing on- is working together to make the best of an unfortunate situation.   i don't want kids because i'm afraid of the kind of world we might be leaving for them but i'll spend all my time left here working and fighting so that maybe, just maybe, someone who's 5 years old right now doesn't have to wrestle with that decision when they're my age.",1,,
973592,"##welcome to r/latestagecapitalism^ⓐ☭ ___ ###⚠ announcements: ⚠ ___  ###[new posting guidelines! help us by reporting bad posts](https://www.reddit.com/r/latestagecapitalism/comments/dy1oyh/important_what_you_should_and_what_you_shouldnt/)  help us keep this subreddit alive and improve its content by reporting posts that violate our rules and guidelines.  ###[subscribe to our new partner subreddits!](https://www.reddit.com/r/latestagecapitalism/comments/e5hkwk/make_sure_to_check_out_our_new_partnersubreddits/)  check out r/antiwork &amp; r/wherearethechildren ___  ###***please remember that lsc is a safe space for [socialist](http://monthlyreview.org/2009/05/01/why-socialism/) discussion.***  lsc is run by [communists](https://www.marxists.org/archive/marx/works/1847/11/prin-com.htm). we welcome socialist/anti-capitalist news, memes, links, and discussion. this subreddit is not the place to debate socialism. we allow good-faith questions and education but are not a 101 sub; please take 101-style questions elsewhere.  **this subreddit is a safe space; we have a zero-tolerance policy for bigotry.** we also automatically filter out posts containing certain words and phrases that some users may find offensive. please respect the safe space, and don't try to slip banned words or phrases past the filter.  ***   *i am a bot, and this action was performed automatically. please [contact the moderators of this subreddit](/message/compose/?to=/r/latestagecapitalism) if you have any questions or concerns.*",1,,
700177,"**recommended subreddits:** /r/fuckgaming, /r/multitaskers, /r/asshole, /r/hairy, /r/girlsshowering, /r/amateurpornvids, /r/borednignored, /r/suctionblowjobs, /r/amateurcumsluts, /r/splitview, /r/degradingholes, /r/bbwvideos, /r/maturemilf, /r/girlsontop, /r/obsf (old but still fuckable), /r/facial, /r/anal_gifs, /r/pillowhumping, /r/handjobs, /r/wetspot, /r/goodgirlsswallow, /r/sloppyblowjob, /r/asianthroats, /r/gloryholeblowjobs, /r/feedingoncum, /r/japancensored, /r/japanuncensored, /r/fuckablesplits, /r/blowjobgirls, /r/blackgirlblowjobs, /r/throats, /r/greatview, /r/phonejobs, /r/cumov, /r/dildo_gifs, /r/daughtertraining, /r/dadwouldbeproud, /r/sexandsoles, /r/oldandyounglesbians, /r/lickityslit, /r/allpornnsfw, /r/roughanal, /r/footjobs, /r/prettylittlecumsluts, /r/joymii, /r/outdoorrecreation, /r/cuppingtheballs, /r/frombelowview, /r/ballsucking, /r/iwanttobeher, /r/politicsnsfw, /r/freeusefamily, /r/xart, /r/firstinsertion, /r/cumvids, /r/owym (older woman, younger man)   *i am a bot, and this action was performed automatically. please [contact the moderators of this subreddit](/message/compose/?to=/r/freeusefamily) if you have any questions or concerns.*",1,,
146157,she looks like a teenager.. but whats to say he isn't a teenager? some teenagers do have deep voices uno,1,,
346833,"thanks for your analysis! i love talking about linguistics, and especially hillary’s fails. i 100% agree that there is no reason for her to speak accented english - i’ve always said that. it’s the undeniable basis and essence of her fraud. i was only talking about her *accent* when she speaks spanish - not her grammar (childishly simple), her articles (el crísis was a mistake no advanced speaker would make), or her vocab (no slang apart from fillers like “o sea” and frequent use of latin american words instead of castilian words, like for “cake”). i’ve never heard her use the distinción (using the th sound for c or z) when she speaks english, unless you count her children’s names (luthía). i totally agree about how flawed her spanish is, so really all i’m saying is that somewhere along the way she acquired a decent accent that holds up ok in superficial, controlled situations.",1,,
762528,"if i can't choose whether to carry a child to term or to abort it, you can't make me pay for a baby i did not want. what i do with my money is my personal choice and nobody can force me to pay for a child.",1,,
516437,"so if a name solely belongs to the person who gave you the name nobody ever „has“ a name. i’m not ignoring it, i’m saying that it is her name now and since she chose to keep it after divorce it is her only legal name at the moment. since it ties her to her kids and she wants the same as op, that her kids share her name, a hyphenation is the only compromise i see where everybody gives their name to their potential child.  after you marry you choose your name. it is (among other options) firstname maidenname or firstname husbandsname but both options are your name. it’s not firstname husbandspossession.",1,,
106650,"but see, the thing is... i dunno if you have kids, but when you do, finding the opportunity to masturbate is surprisingly difficult. it's entirely possible she took the toys to use herself because she has the rare opportunity to do so. is that likely? doubtful. but it's possible. so i don't wanna *lead* with the sex toy issue, because it could backfire as me coming across as snooping around and drawing conclusions.",1,,
928969,"lbj to me is by far my pick for the most horrible president. his numerous racial comments about black voters alone are enough, extreme even by standards of the day, but if you include what he did to those around him it puts him toward the top. however it is something i was told by one of my relatives by marriage that does it for me. i’m not going to give his name because although he is dead one of his children is still active and very prominent in dc. anyway he was a prominent democrat of the time and a part of jfk’s inner circle. i asked him once if he knew who had killed kennedy, a question to which he laughed and said, “in dc it’s no secret who did it. in fact everything you need to know isn’t even classified or hidden.” he proceeded to tell me about lbj and how he resented kennedy and that on the day that he was in dallas there was a last minute order signed by lbj changing the presidential motorcade route so that it would go in front of the book depository. this particular route was originally excluded and labeled a no-go area due to security concerns by the secret service. there was also an order for the secret service to drop back once they got to the corner where they turned onto the street. in the zapruder film you can even see the agents being told to stand down and reacting in severe protest and shrugging their arms and shoulders. while he said he didn’t know who it was that johnson got to do the actual shooting, he did say it was well known in the washington circles how vindictive, nasty and jealous a person lbj could be. i don’t remember what it was that he said kennedy did specifically but i remember he said that lbj didn’t appreciate being crossed in any way.   i can say with certainty that the man had no reason to lie to me about this and his connections with jfk and just about everyone in power from that time until his death in the early 2000’s were never in dispute. he was an exceptionally powerful man during his life. he even nearly caused his wife, my blood relative, to drop dead of shock one time. he mentioned to her that his friend frank was going to come by during christmas. she said sure and she was stunned when frank sinatra walked in the door! that’s the kind of people he was always associated with, the powerful kind.",1,,
850445,"she has no right to do this.  you have rights to your children just as any parent should.    first off, get a local doctor.    second, what happened that your wife pounced on.  irritability and sleeplessness aren't exactly reasons.  what is hers?  sounds like you may have left something out accidentally.",1,,
365973,"ugh. i want to say nta but i’m going to have to go with esh. you should have finished the conversation with your husband. that family is probably mormon or some type of strict religion which is why this kid was hiding the guitar. now, instead of possibly being a safe place for that kids to hide his guitar he gets to be miserable with nothing that brings him joy. it is so hard for kids to break away from these situations, there are entire tv shows dedicated to getting kids out. and now your husband demonstrated that not only can you not show kindness but you’ll tell his parents everything.   normally i’m not in favor of keeping secrets from parents, but in this situation it sounds like you would have been doing that kid an incredible favor by keeping what is/was his most favorite possession safe. that guitar is probably now smashed in a thousand pieces like that poor kids heart. tell your husband to do better next time and you need to step up.   also, if it is some type of fundamentalist religion town, cps won’t help. taking away a kids guitar is not grounds for removal. they have all learned how to deal with these interactions over the years and it’ll unfortunately be a losing battle. nothing will change.",1,,
623080,"everything is either fine or great here, aside from bureaucracy (much slower than in other parts of germany), dirt, graffiti, and some local groups glorifying lower-class lifestyle and aesthetic. however, the city obviously gets nicer as it gentrifies, and now only a small part of it isn't clean and cozy.  as a separate point, there's a great selection of cultural events for any taste in normal times. berlin is far from being just a clubbing city or a city for the partying youth.",1,,
183666,the american dream is boomer inheritance.,1,,
910453,op “was mentally check out” of a three year relationship way before it ended but also has a nine month old?  #somebody needs to grow up fast and focus on being a parent to two young kids  instead of trying to speed run a new bad relationship.,1,,
834029,my daughter just can’t understand why she can’t play with the neighbor kids anymore. it’s not like they have forbidden her to. they just make excuses. my daughter has adhd and is pretty hyper so it’s probably something she did but they are too passive-aggressive to talk to us about it.,1,,
328709,"now that the bottom feeders are gone, i feel like i need to make my case for dorit to stay.  she is highly delusional, has no accountability, stirs the pot, has a husband who also stirs the pot, brings (fake/borrowed) lifestyle porn and fashion, and has cute kids. good human? nope. top tier housewife? absolutely.",1,,
418787,"**recommended subreddits:** /r/fuckgaming, /r/multitaskers, /r/asshole, /r/hairy, /r/girlsshowering, /r/amateurpornvids, /r/borednignored, /r/suctionblowjobs, /r/amateurcumsluts, /r/splitview, /r/degradingholes, /r/bbwvideos, /r/maturemilf, /r/girlsontop, /r/obsf (old but still fuckable), /r/facial, /r/anal_gifs, /r/pillowhumping, /r/handjobs, /r/wetspot, /r/goodgirlsswallow, /r/sloppyblowjob, /r/asianthroats, /r/gloryholeblowjobs, /r/feedingoncum, /r/japancensored, /r/japanuncensored, /r/fuckablesplits, /r/blowjobgirls, /r/blackgirlblowjobs, /r/throats, /r/greatview, /r/phonejobs, /r/cumov, /r/dildo_gifs, /r/daughtertraining, /r/dadwouldbeproud, /r/sexandsoles, /r/oldandyounglesbians, /r/lickityslit, /r/allpornnsfw, /r/roughanal, /r/footjobs, /r/prettylittlecumsluts, /r/joymii, /r/outdoorrecreation, /r/cuppingtheballs, /r/frombelowview, /r/ballsucking, /r/iwanttobeher, /r/politicsnsfw, /r/freeusefamily, /r/xart, /r/firstinsertion, /r/cumvids, /r/owym (older woman, younger man)   *i am a bot, and this action was performed automatically. please [contact the moderators of this subreddit](/message/compose/?to=/r/asshole) if you have any questions or concerns.*",1,,
893407,yeah but i don’t care. it allowed me to get the fuck away from my family even faster. and now i have the freedom and power and control to be childish as much as i want in young adulthood. it’s fun.,1,,
469860,"we now know hanpen's a she ~~what else in the ll world.~~  mia's still arrogant and insists on her higher grade being more important than her lower age when it comes to honorifics.   however now she admits she likes cats and hanpen. something she couldn't last time. so yuu's piano performance definitely has started to crack mia's cocoon.  rina now feels embarrassed by ai's filming. at the end of s1 when rina finally felt useful, quote herself, ai comforted rina in her ""signature"" way and rina reacted with a ""dere dere"", [something not necessarily negative as i just learned.](https://www.reddit.com/r/lovelive/comments/ua4ukf/comment/i6eevhq/?utm_source=share&amp;utm_medium=web2x&amp;context=3) ~~even a weeb never ceases to learn. which would be yet another perfect tee slogan.~~   but now rina genuinely feels embarrassed. how often do such situations happen in airina's ship? this does have the potential to turn into a full fledged split in their ship, doesn't it, with mia as the potential ""replacement"".  a triangle with once again severe consequences a la ""yousoro my friend!""  because ai's still wearing her cardcaptor sakura-lie hat, her signature look in s2 as it seems. sakura kimonoto in her clear card revival in 2018 (between sunshine s2 and rainbow, and coinciding with franxx) saw her dead mom, passed out and woke up only the next day.  sakura sweets fair all over again.  like asuka soryu after arael who couldn't wake up for a longer time tho. superstar took over evangelion's (and thus haruhi's) female school uniforms, and the dead mom theme from both eva and ccs.  and now ai wears sakura's hat... ai once was as shy as rina, but her ""adoptive big sis"" misato (a name from eva) dragged her out. sakura heavily depends and relies on shaolan (from hk like lanzhu); but he's a tsundere boy. whereas rina's ai's past so to say. ""ai love triangle"" hinted that ai's ""pun fun"" might be only a cocoon once again, and that it might already have started to crack once again.  and rina also did the ""hug from behind"" when diverdiva already had been formed. as if, despite all the strenouos stuff, rina still doesn't wanna lose ai.  inside ll this hug occured in multiple yet similar situations: honorin turning it up to eleven by literally jumping on maki, also in order to ""confiscate"" her. umi gave eli a hug from behind shortly after eli's crying fit and shortly before her formally joining muse. umi was happy some (quote) ""with a brain"" finally is part of muse; and from nozomi's viewpoint it was a ""confiscation"" again.  sunshine: riko comforted chika after ""zero points"" and also meant to hold her and keep her from falling so to speak. after ""98"" chika wanted to run outside to do just something and anything, you-chan prevented her again by this hug.  and now again ""homura's bakery"":   already at the very beginning sayaka (kind of a ""blue haired rin"") chases and catched madoka and says *"" you are mine mine mine!!""*  and in madoka rebellion story at the very end, homura is doing this too in order to prevent madoka from falling back into her old self (however in order to prevent her from understanding homura's true intents).  so are all of these rina's intent? keeping ai, keeping her from doing stupid things, from falling, and also from falling back into her old self that was as timid as rina's one still is today...?  ai calmed her down by cuddling rina's ahoge hair aka fool's hair: *""don't be a fool rina-rii, nothing bad will happen!""* ...rly?  so once again it can quickly become too much for both airina. rina however controls their equipment and hp, so mia even might become her ""safety pin"", especially because she too's familiar with tech equipment...  so it seems to turn into an interesting ""mix"": mia comes closer to yuu and now rina, lanzhu helped the niji club (even if it was on her own behalf cause she wants an opportunity to perform), and big mifune sis gave her little sis the advice to join the idol club cause she obviously likes working together with them.   so since the new trio has already started to gravitate towards the idol club - how's r3birth's emergence's gonna look like?  speaking of franxx: [there was this meme, comparing lanzhu to zero two](https://www.reddit.com/r/otonokizaka/comments/tv7eqw/looks_familiar/?utm_source=share&amp;utm_medium=web2x&amp;context=3) ~~who's one of the big competitors to the ll girls in the nesoberi world btw.~~  we still don't know if lanzhu's mom's meant to show up in the anime as well anf if she's the director as well. but if this is meant to be yet another serious reference, then i'd say lanzhu's mom might turn out to be a way different caliber than setsuna's mom to whom she surprisingly easily she could confess (as it seems at the moment).  and such a director would be a problem for the idol club as well.  ~~and that's been already most of what i wanted to say about this ep.~~",1,,
672781,"i wasn’t told anything technical like that, probably because i’m only a teenager, but now multiple people have asked me so when i next get a post-op consultation (or something like that) i’ll ask my surgeon:-)",1,,
556476,"that’s great you’re sharing a video of her. not so sure about sharing her name and dob.  as alarmist as this article sounds, it still is a pretty good read https://www.nytimes.com/2019/06/05/opinion/children-internet-privacy.html",1,,
136357,"every single time, without fail, the whole gimmick of ""i am so young and i am retired/super rich, etc"" has a foundation of that person being born into obscene wealth and/or mommy and daddy are well-connected.",1,,
619021,"2/3 of iep/504 requests are kids pulling the wool over their parent’s heads to make them think their laziness has something more to it. i’d say 1/3 of them are necessary and legit. i smell bullshit from a mile a way so seeing a kid who is a constant disruption and menace to the schools say he has add or adhd makes me want to scream. i have add, test anxiety and more and never had this plan that most use for an excuse to why their kid can’t behave like a high student should. i have no problem stating just that in a meeting when a knucklehead is trying to get more days for assignments but wastes his entire in class time distracting and disrupting other students instead of doing what he’s supposed to during in class time. i just don’t go for it and it just makes the parents think little timmy getting a phone call home every other day is because he’s disabled in some way. he has no problem focusing at football practice, staring at his phone or whatever else, but you’re gonna tell me he’a disabled in my class, gtfoh!",1,,
402493,"to be fair, there are few creatures more annoying than tiny humans. i harbor a deep hatred for toddlers.",1,,
567025,posting to this sub is probably enough. you can bet your ass these kids in their 20s know what reddit is and browse their team subs to see what people say about them.   same with the social media managers for every team.,1,,
887810,it pains me to say this but you may want to make sure these 4 children are yours. get a paternity test,1,,
893515,"your daughter is a risk to you, your husband, and baby. let your daughter stay with your ex-husband.",1,,
541558,"i’m 33 weeks and still haven’t bought a single thing. i told myself i’d wait until after the baby shower, and most of what we needed was bought or given to us second hand 😊 i’ll probably buy a hakka and some newborn onesies.",1,,
727425,"there are 2 doses of chicken pox in early childhood, one at 12-18 months, and one at 4ish years. does he mean your son got 2 doses at the same time?  cdc.gov/vaccines for schedule, assuming you're in the us.",1,,
138253,hiii thank you for making this post 🥰  why would an aesthetician refuse to microneedle my face because i was “too young”? (i’m in my late 20s)  what’s the efficacy rate for lipolysis injections for the body? does it vary significantly depending on the variant? i heard some people’s bodies do not react to the enzyme that initiated the destruction of fat cells.,1,,
878852,but don't forget he did massacre a population of women and children.,1,,
133344,no one's said people don't do that. if schools are providing these things for kids as well then it's literally no different to receiving help from any of the resources you've already mentioned.  what people are taking issue with is some privileged guy on the radio saying that anyone who can't currently afford basic provisions should reconsider having children. but that makes fuck all sense because people can't always control what happens between having a child and today.,1,,
227686,"this doesn’t help with your question but i feel compelled to say that brandi may be my least favorite housewife.   that ‘holier than thou’ performance when discussing leanne’s also vile racist comments at the reunion when all the while she was just as complicit in hateful rhetoric and behavior - in front of her young impressionable children.   ignorant, dumb, and racist - she shouldn’t ever be given a platform.",1,,
351910,"dt reports today that bogus 'child' immigrants are to be x-rayed to discover how old they really are. if they refuse the x-ray they'll be deported. apparently the govt is tired of giving succour (sucker?) to 'children' as old as 40.  er…  where i come from, we don't need x-rays to tell the difference between a child and a forty-year-old.",1,,
297600,i'm 40 and just realising this now. sad thing is he would never consider it. he thinks anything mental health is excuses and bs. he never had friends. mum was loud and social he was not.  he would get pissed off with her all the time over everything. they'd do almost everything separately because he was impatient and had to be in control. he had no emotio al regulation skills either. as a kid the biggest thing i hated was how he flipped the switch between playing and being serious. it was always so confusing i didn't like being around him even when he was happy because i was anxious he will randomly flip his shit. apparently my grandpa was the same. not so much is in older age. although he was always highly strung and stressed. it's really interesting to look at think about now.,1,,
623827,"kids who grew up with a controller and fps games are a different breed. movement is good, using terrain, jesus even armor swapping.",1,,
472801,"**this is an automated message posted to all posts in this subreddit with some basic information about the group including (very importantly)  rules.  why are you getting this message?  most people seem to not read the sidebar for information or the rules, so it is now being posted under all posts.**    **confused about acronyms or terminology?** [click here!](https://www.reddit.com/r/raisedbynarcissists/wiki/acronyms)  **need info or resources?**  check out our [helpful links](https://www.reddit.com/r/raisedbynarcissists/wiki/helpfullinks) for information on how to deal with identity theft, how to get independent of your n-parents, how to apply for fafsa, how to identify n-parents and so much more!  this is a reminder to all participants, rbn is a support group that is moderated very strictly.  please report inappropriate content so it can be reviewed by the mods.  **our rules include (but are not limited to)**:  * no politics. * advising anyone in this subreddit to commit suicide or referring anyone to groups that advocate this will result in           an immediate ban. * be nice. no personal attacks, name calling, or bullying. [no slurs](https://www.reddit.com/r/raisedbynarcissists/wiki/slurs) or victim-blaming. * do not derail the posts of others. * narcissists are not allowed to post or comment here. * [no platitudes or generic motivational posts](https://www.reddit.com/r/raisedbynarcissists/wiki/rules#wiki_no_platitudes_or_generic_motivational_posts). * when you comment/post, assume a context of abuse. * no asking or offering gifts, money, etc. * no content advocating violence, revenge, murder (even in jest). * no content about n-kids. * no diagnosis by media/drive-by diagnosis. * no linking to facebook pages. * no direct linking to anywhere on reddit. * no pure image posts.   **for a full list of our rules/more information, [**click here**](https://www.reddit.com/r/raisedbynarcissists/wiki/rules).**   *i am a bot, and this action was performed automatically. please [contact the moderators of this subreddit](/message/compose/?to=/r/raisedbynarcissists) if you have any questions or concerns.*",1,,
338152,"in luke 1:41-44 is the account of mary (1st trimester) visiting her sister elizabeth (3rd trimester).   elizabeth's baby leaping in the womb upon mary's arrival was significant enough to be recorded.  but don't take my word for it, read that passage yourself.",1,,
467261,"are you aware that a baby can develop into an adult, given time?  is the resulting adult not that same entity from earlier, only older and more experienced?  a dog can never in its entire life make a case on its own. a human baby can, and has.",1,,
129720,"my youngest is only 23 months so hopefully i'm not jinxing myself, but so far he's easier than my first was at this age.   i'm probably a bad mom, but i used to mutter under my breath ""i hope you enjoy being an only child"" or similar when my first was going through his super-fun toddler stage.  i think the 7 year age gap is healthy for us because if the older one wasn't so smart and independent, it would be impossible to not favor the younger one. but at this point, when i'm one-on-one with them, i'm honestly not sure which one is easier or more challenging because toddlers suck. and going out in public with an 8 year old should be easier than going out with an almost 2 year old.  lots of words to say, i hope my first was the terror. he's grown into a great kid but i don't know that i have it in me to do *that* all over again.",1,,
627780,"it’s always the worst, yes! i had to call into work because of it. i try not to because of how often babies tend to pass especially when they’re around the same age. 🥲 but i mourn them by dedicating songs to them and whenever i listen to them i remember them. 😭❤️ thank you tho.❤️",1,,
757250,"kinda wild how people talk about football journos the same way they do about players. ""berger owns pletti"", ""pletti in the mud"" i can't tell if people are joking or being serious about this. my oldhead misses the days when i devoured transfer rumours and news from magazines like kicker, sportbild or bravo sport (sportbild for teenagers) and blindly believed everything to be true. that was so much easier lol.",1,,
630115,"i didn’t accept the phone. i had my own cell. it wasn’t anything fancy either (i was a senior in 2009. phones were still not that great 🤣). she gave it to someone else, i think. but i did take the earrings (still have those today, beautiful!) and the food.",1,,
241638,tell me you were dropped on the head as a baby without telling me you were dropped on your head as a baby.,1,,
662297,y'all must not have seen the strain. 😂  that child is a nuisance. and i never talk down on children.  kid in invasion is simply on some main character ignorance to me. irritating af but manageable.,1,,
