random_id,text,skin_tone_relevance
508307,"jefferson davis was a lot of things, but hanged wasn't one of them.  he died peacefully in 1889.  not the least bit surprising they'd throw in with woodrow wilson, though.  the most racist president of the 20th century.  fired most non-white employees of the federal government, used to have showings of birth of a nation on the white house lawn, was a big fan of jim crow.  once said, ""segregation is not a humiliation but a benefit, and ought to be so regarded by you gentlemen.""  if you were white, he was your best friend.  but if not, then you were dirt to him.",1
392820,"&gt; in america, the reason we have ethnic neighborhoods is because white people didn't let jews, the irish, blacks, catholics, hispanics, or [etc] live near them in the suburbs.  for future reference, the irish who arrived here before the famine were overwhelmingly protestant and faced very little discrimination. the bigger issue was the catholicism. anti-catholic policies inadvertently made catholic institutions stronger (like schools and charities) because the irish had nowhere else to turn. fifty years later, when italians began immigrating in large numbers, those institutions were already in place.  it also didn't help that the irish catholic immigrants arriving during the famine were incredibly poor, since the biggest reason they came was because they had nearly starved to death. the overwhelming view of protestants in that era (and still, for some people) was that if you were that poor you must have done something to ""deserve"" it. these irish immigrants were automatically morally bankrupt in some way for that reason.  tl;dr: it wasn't the irishness that bothered us residents, it was the catholicism.",1
676731,"source?  all signs point to dirty blonde with a lighter blonde dye job. last i checked, dirty blonde was still blonde.",0
556697,"they didn't draw a false equivalence. they said it sucks that people always accuse white people of racism, or assume that they're racists if they act in a certain way or say certain things that would be fine for someone of another race to say. then you pounced accusing him/her of acting the victim, as though a white person can't complain about anything because of this ""privilege"".  are you saying that it's a good thing that people are so fast to pull the ""is that because i'm [race]"" line? if not, what on earth is your point here? do you think all white people should feel guilty for being white? that they can't mention being white without having someone like you jump at the opportunity to point out their privilege thereby totally negating any point they had, because clearly, they've been stepping on all the other races to get their white privilege and should feel bad about it? i see absolutely no reason for your comment.  it's not like ktaily said something like ""oh, i can't even talk without being accused of racism, i know just what the jews felt like in nazi germany"". that is a false equivalence. being mad at someone accusing you of racism with no good reason is not.",1
847975,"go home chris brown, you're drunk.",0
735057,"pride parades - i'm not homophobic, at all, love is a spectrum et al and i don't mind public displays of affection from bi-, gay- or transgender couples.   the thing is, pride parades are counter-productive to the normalization of the lbgt as a part of society. the parades portray the lbgt lifestyle as a caricature - completely over-the-top, and that image will be burnt into the minds of those on the fence.   though if i ever bring up this point to either my straight- or gay friends, they'll laugh it off as me being too conservative (i'm not, fyi).",0
525909,a tan is the mark of a peasant in china,1
589169,"the problem is that those same people are probably still defending the other chiefs who refuse to divulge their wages. the natives receive immense amount of moneys each year yet the conditions in reserves remain dismal. want to know why? bullshit like this. their leaders aren't interested in defending the interests of their people, they're interested in filling their pocket with the white man's gold.  it's a fucking disgrace is what it is.",1
806903,"mentioned a while back (before the lego images were released) that i knew what it looked like, people didn't really believe me, understandably, so go ahead and take this with a grain of salt if you must, but i'll go ahead and describe how i remember it. it's light grey, (not sure why lego made it white) it has red eyes, three fingers on each hand and a fourth digit which appears to act as a thumb. it has two short horn looking things on its head as well as short spikes running along its back as well as some quills which are very reminiscent of the quills on the male raptors from jp3. these quills also appear on the back of the arms. like i said, you can take this with a grain of salt, but once it's revealed you can compare the image to my description and it should be accurate.",0
853908,"&gt; nothing is presumed. in fact, the article directly quotes a peer reviewed study...  and that peer reviewed study claims an ""iq gap"" exists. in fact it states it explicitly. this directly corroborates what i said: **blacks are less intelligent according to iq tests**.  &gt;iq gap is meaningless as a sole measure of intelligence...  your invocation of a ""sole measure"" is just a red herring. iq is meaningful according to every expert. there are other metrics of intelligence or mental aptitude and blacks always score lower regardless of the metric of intelligence chosen.   btw, your apa citation is not current. here is the conclusion of the most recently concluded study:  http://humanvarieties.org/2014/09/15/genetic-and-environmental-determinants-of-iq-in-black-white-and-hispanic-americans-a-meta-analysis-and-new-analysis/  &gt;since the genotype-phenotype correlations are comparable across racial and ethnic groups in the u.s., this implies that the **lower scoring groups are genetically, not environmentally, disadvantaged.**",1
836719,&gt;goff demonstrated that white people who were primed with images of black people were able to identify video footage of an obscured animal as an ape a whole three seconds faster than those who'd instead just viewed images of white people.    wtf?  what a retarded experiment.  i agree with richard's sentiments about the thorin/regi/wukong debacle but thats a strange study to cite.  i don't understand what it proves. i wonder if black people being primed with images of white people would be able to identify an obscure finger-food snack as crackers.  bizarre study,1
335968,saw a post the other day where a girl blamed that on white people as well. they never would have done that unless white people were trying to build america according to her. never mind the centuries of proven slavery in those areas before white  people even arrived.,1
132004,"nope.   i don't speak spanish, beyond what you're going to pick up being ""white"" in texas, but i can pick out a castilian accent. it's that distinct.   the story goes that one of the spanish kings had an unfortunate lisp, so his royal court affected one to keep him from feeling alienated. once the rich and powerful people start doing something it tends to get itself stuck in the culture. kind of like when the posh brits dropped their rs and then other brits started copying them, which led to a lot of the differences between british english and american english.   relevant snippet from from wikipedia: thus, in most variations of spanish from spain, cinco (five) is pronounced /ˈθiŋko/ as opposed to /ˈsiŋko/ in latin american spanish, and similarly for zapato, cerdo, zorro, zurbarán.  http://en.wikipedia.org/wiki/castilian_spanish",1
557311,you ain't  charles barkley. you just a wannabe who looks like him. you shouldn't  even be here! you need to break out! be gone! *barry white and chris rock's voice sing in the background*,0
191036,"the non-white culture doesn't have its story told?  a video game's universe is created by someone.  it doesn't have ""untold stories"" except those the developers created to be untold.  this point is absurb, i'm done.",1
825029,"1) bleach *can* be very damaging but if your hair is virgin, it should take to it much better than otherwise. it's often recommended that you get a deep conditioning within 24 hours of getting hair bleached. this will lessen any damage (but not guaranteed). there's always a risk that you'll have to get a trim afterwards though.  (2) dye depends on the colour you want. natural colours last longer than fantasy (pinks, blues, silvers, ect.). red also washes out extremely fast (even though its technically a natural colour). it depends if your dye is a demi or permanent. the demi usually wash out ~30 washes.. fantasy colours wash out around ~10-20 washes i personally found. it's recommend to wash your hair as minimal as possible to maintain original colour.  3) i say go for the head first and than after you adjust to the new colour, add to your beard. this is personal taste.",0
372832,"your points/lecture was all accurate and valid.  and not news, i don't believe i said anything that disagrees with them. you are arguing a different point.what i said was that's a different angle, the skin colour of the protagonist. that's not about fridging.  and if you want to make that point go ahead good on you. i'm a firm believer that if your feminism isn't intersectional you're doing it wrong.  well done everyone for not being arseholes.   my point is simply that in the context of a story where the protagonist is white, and given that the protagonist is the only one who survives, if you don't want people of colour dying you have to have no people of colour. if you want no good, kind characters killed off (even though they were going and kind) then all your characters must be two dimensional and evil. and i don't for a second believe that depicting this world where good people are killed off, regardless of the colour of their skin, promotes the notion that goodness is pointless. it's a depiction of a flawed world. let it have flaws. let the characters fight to fix them.",1
181898,mine just looks hazy.  maybe brown.,0
915293,"the person i replied to explicitly stated ""they're arguing that they only got these nominations because they're white"".",1
726499,"his wiskers are in the process of going from white to black, so it'll really stand out soon!",0
718930,not at all. it just wouldn't be historically accurate to say so. that's like assuming confucius and the first qin emperor of china were white eastern iranians or greeks. or the ancient olmecs of mexico were japanese. or the medieval english were arabs. or the ancient israelites were from india. or that the ancient ethiopians of axum were slavic people from the baltic instead of blacks. etc.,1
772145,"*[m] sorry for that, time zones are a pain and i'm told sleep is necessary. :d*  holly panted, beaten and battered. she imagined alysanne's and durran's faces when they saw blue and golden bruises gracing her arms and legs. smiling up at lyla from a kneeling position, she began to rip off her protective pads.  ""shield arm up, less rigid posture. got it.""  she practised her stance, slashing at thin air and smacking imaginary assailants with the wooden face of the shield. between blows she peered at lyla for assurance, the girl who had empowered her through fight, taught her that she need not do as others had expected.  ""thanks, lady - *lyla*,"" she said, correcting herself. ""are most people as poorly accepting as durran?""",0
413984,"&gt; libertarians are some of the biggest critics of police.  when white people are being prosecuted, sure.  when it's time for an illegal immigrant round-up or we need to purge our streets of swarthy urban youths, libertarians are all for everyone from public sector civilian police to off-duty cops in oathkeeper outfits to do what is ""necessary"".  &gt; so your evidence is that many libertarians did not condemn zimmerman  they openly applauded him.  &gt; and many did not defend michael brown who was also justifiably shot?  &gt;&gt; yet this does not diminish the importance of the real issues unearthed in ferguson by brown’s death. nor does it discredit what has become the larger “black lives matter.” in fact, the false ferguson narrative stuck because of concern over a distressing pattern of other police killings of unarmed african american men and boys around the time of brown’s death. eric garner was killed on a staten island street on july 17. john crawford iii was killed in a wal-mart in beavercreek, ohio, on aug. 5, four days before brown. levar jones survived being shot by a south carolina state trooper on sept. 4. tamir rice, 12 years old, was killed in a cleveland park on nov. 23, the day before the ferguson grand jury opted not to indict wilson. sadly, the list has grown longer.  well, that's the joke.  it's the idea that pointing a gun at and eventually shooting an unarmed black man under suspicion of petty theft remains ""justified"".  and that this justification just keeps creeping out and encompassing more and more people under thinner and thinner pretexts.  libertarians continue to defend the indefensible by advocating police violence against anyone outside their racial and cultural niche.  they defend it because, at the end of the day, they're tribalists more interested in their own elevation than in the equitable enforcement of civil law.",1
526624,"i'm almost translucent due to how pale i am. someone called me peaches and cream but i think i'm more, ""skim milk"".",1
605803,"all white, it's not right.",0
912904,nobody else finds it weird that 5/6 of the couple are south asian women paired with white men? these couples are not as progressive as they would like to think they are. i think our community needs to really look into issues of self-hate and the lasting effects of colonialism.,1
181513,"just yesterday there was a black teenage punching a white 12 year old with brass knuckles. that title didn't mention race. why does this one?   edit:  yup, getting downvoted into oblivion for questioning the sjw-ness of the headline.",1
609549,"not wanting illegal immigrants isn't a race issue. i don't care if you're white, hispanic, asian, black, whatever. if you want to come here, do it legally.",1
913186,did you even read the reuters or yahoo articles?  seems like a lot of the issue is germanys asylum application process and people that are just straight ignorantly afraid of immigrants because they are dark skinned. thank you for sharing articles that show this.,1
808375,"hey guys, i'm wondering if anyone can help me find an outfit for an upcoming concert. i wear very boring clothes to my job, so i'm running low on (forgive me) cool clothes. i'm tentatively thinking some black, slightly ripped jeans, some black chelsea boots, and a faux leather jacket, if i can find an inexpensive one. i also want to wear a deep wine lipstick. the concert is in boston later next month, so pretty cool weather. i'm larger, xl-xxl. can anyone help me look cool?",0
698487,sounds like white victims of unjust police shootings should protest as well.,1
779212,isn't it sad when women and minorities try to score points with white men like that? internalized misogyny is terrible.,1
304702,"they do have a lot of loathing for anyone brown, from what i see on their website. it seems like the vast majority of the loathing is self-generated and directed back at themselves. it's also, most of the time, solely about looks, and sometimes about cultural values like how ""effeminate"" a certain culture is compared to another one. it's like they look out to the wider world, see this hierarchy at play, and then instead of challenging it, they accept it and blame themselves for their perceived shortcomings, magnifying subtle racism into glaringly obvious racism, and turning it against themselves. and then they redirect that anger towards women, as if the whole thing was because of women's choice of partners over time! they do think this, that their parents shouldn't have reproduced, arguing for a weird form of nihilistic retrospective eugenics.   i don't get why they wouldn't actively search for any school of thought that challenges this racism as it would give them substantially more power. i can see how one can look to the world and find discrimination which confirms the bias, but why not seek out places where people are willing to consider you as a person, beyond your looks? also, how odd is it that this incel meet-up place is an internet forum, where looks matter 0% in your ability to express yourself? i suppose they perceive the power in being so black-pilled and trollish that they piss off people who they feel would otherwise ignore them, because negative attention is better than none. however, if you're an adult, that's a super childish mentality to carry through life.",1
377127,without white people this film makes $40 million opening weekend max,1
766630,no offense but i haven't oppressed anyone. or do i just opresss people because i'm a white christian male? seriously is just me being part of the dominant culture oppressing someone. i dont honestly hate anyone or want anyone to struggle.,1
831257,"okay, gotcha.  i don't see a rainbow.  whether others really do, or if they're exaggerating, i can't tell you.  it's not a hallucination, it's a ""feeling.""  so i see everything here the same as you do. the background is white, most of the text is black.  ""report"" is red.  ""give gold"" is an ugly mustard.  the issue is: is any of that right?  no.  (ah, hell, actually they are, but that's coincidence with my colors.  let's pretend that they're ""wrong."")  you know how people who are anal retentive like to abuse the term ""ocd?""  (my apologies to people who truly have ocd, i'm acknowledging that the term is being abused, but it's a good example here.)  people will see a brick walkway that suddenly goes wonky to accommodate a drain.  ""those bricks are such an issue for my ocd.""  they see the line in the bricks the same as anyone else.  it just bothers them because it isn't ""right.""  i see black and white print the same as you or anyone else does.  no big deal.  if you ask me quick to name the ""colors"" i absolutely can.  but i know i didn't see them.  again, it's not hallucination.  the letters and words just ""should"" be those colors.  and just like the wonky lines bother certain people, i have that issue with text that appears in color.  for instance, there's a preschool near me that has a sign out front.  certain letters are shown in ""letter block"" toys in various colors.  all but one letter is in the ""right"" color.  it bugs me.  it doesn't shut me down.  it just ""bugs"" me the same way a crooked line ""bugs"" certain people.  if you have me write a colorful sign, the colors will be ""correct"" to me.  if you write that same sign in the ""wrong"" colors, it will bug me.  i don't see them wrong.  i'm just annoyed that you did them wrong.  and do i really ""see"" the colors?  yeah, in my mind.  some names are yellow.  others are blue.  they just are.  that won't ever change.  it has nothing to do with that person.  every person with that name will be that color, just because the name is.  a is yellow to me.  n is brown.  anna is a very yellow name in my mind.  starts and ends with yellow with brown in the middle.  h is brown.  hanna is a brown name.  the brown in h and n takes over the yellow in a.  both are kind of fall colored and mesh brown and yellow together.  but, one color will dominate.  so yellow anna becomes a brown hanna.  i can't help it.  robert is red, until he says ""call me bob.""  now he's blue.  if he says, call me ""rob,"" then he's back to red.    there are arguments that say we're just remembering refrigerator magnets and alphabet books.  this isn't true.  for one: in that time between learning that most others didn't think like i do and then that it's actually a ""thing"" called synesthesia, i tried to justify why i was ""nuts.""  i found my old alphabet book to see if ""my"" colors matched up.  they didn't.  i learned the alphabet in different colors than i ""see"" them.  there's evidence of synesthesia among poets/writers/musicians/artists that go back to time periods predating refrigerator magnets.  and, my personal big one: i actually remember rejecting the magnets that were the ""wrong"" color.  a red three?  no.  it ""has"" to be blue.  f ""has"" to be green.  e ""has"" to be blue.  i wouldn't use the other colors unless i had to.  so, in this long explanation, maybe i didn't make any sense.  basically, we visually see the same as you do.  some synesthetes  (especially on the synesthesia sub reddit) seem to want to make it a bigger deal than it is. they're kind of full of it.  we aren't hallucinating or seeing a rainbow.  it's all just a cross-wiring of senses and imagery.  so, things just ""are"" a certain color, gender, emotion, personality, or whatever.  it's a subconscious thing (you pass a guy in the hall and don't think twice, but if someone stops you and make you categorize him, you can (he seems like a jock, a geek, he's friendly, he's rich, he's a snob, etc.)  what's the number 2?  two is green, male, and kind of preppy, but friendly.  two is definitely not blue, female, or athletic.  oh, and i also have the ""mapping"" variety, but that's a whole different can of worms.",0
511852,"&gt;there is a perspective among many today that being a ""jatt"" was solely an occupational term, that it solely referred to those who were farmers. this is the mentality of those who claim ""why say you're a 'jatt' if you can't even do kheti.""  it's not that it solely referred to farmers or some other occupation, but that unlike ethnic labels like punjabi, there is the inseparable element of endogamy and hereditary of social roles with jati. scottish is not synonymous with a social role; jatt however, is and has been for several centuries. sure, there's a tribal/ethnic element to jati along with the social role/occupancy element, but this is no different to the tribal and occupancy elements of varna. endogamy would ensure brahmins and kshatriya may well be different enough in ethnic terms; certainly, the brahmins and kshatriyas (indo-aryans) would be ethnically different to vaishyas, shudras and dalits (dravidians). again, the varna system, like the jati system, enforces ritualistic endogamy and hereditary social roles. in other words, the element of common ancestry, which is the key to mere genealogy, is shared by both systems. the metaphysical/spiritual distinctions aren't qualitatively different enough to warrant the complete rejection of one while holding on to the other when in practise, both are and have been virtually similar wrt oppressive discrimination.   my argument is simple: either throw out both systems altogether, or get rid of the tribal/hereditary elements and appropriate the jati/varan terms as designating purely occupancy/social roles/archetypes. so one may consider oneself as a kshatriya and/or jat if one were to embody the respective roles and ideals. realistically, i suspect the former will be largely actualised in a generation or two amongst western sikhs, while the latter would, if actualised, greatly reduce social immobility, discriminatory caste rites and unenlightened haughtiness.   &gt;the occupancy and social role associated with jatis is actually the part that becomes irrelevant for the khalsa. not the tribal/ethnic/clan aspect.   but it's the social role associated with varna that remains relevant for the khalsa i.e. the kshatriya archetype. even when the tribal aspect is emphasised as a way of tracing one's lineage back to the divine royalty from ramayana, it only serves a *functional* role, as opposed to being a matter of historical record-keeping.   &gt;gotar is tied to jati; so if you accept gotar as okay, you're accepting jati as okay. the gurus did not have an expectation that i needed to abandon being a sandhu jatt when i became a sikh, so you cannot claim it is a part of sikhi to ""deny caste"", in that regard.   gotar, like varna, need not be tied to jati. my main point is that jati today is functionally no different to varna in medieval india - if guru gobind singh were our contemporary today, he would denounce jati and condemn jatts and other castes for having caste-based gurdwaras and being the brahmins of modernity.",1
952557,he's declaring war on our own country and causing an upbringing of white supremacist violence.,1
166508,"*1) is a finance masters a good degree in denmark? can one do a masters degree in an unrelated field to change careers that are more in demand (such as computer science)?*  the financial sector is big, and there are a lot of jobs, although also a lot of applicants. if you have a bit of experience, specialization or good computer skills (sql or bi tools), you should be fine. (this can be acquired while studying, student positions are very wide spread in organizations). in general we continue with a masters that's similar to our bachelors degree.  *2) how is the financial services sector? is it basically slavery (but with very high salaries) like wall street? i like my work/life balance i get in south america.*  depends a lot on the company and career focus. generally we have some of the best work/life balances in the world, with the possibility of working 37 hours a week even in the financial sector. if you want to go into investment banking or if you are very ambitious regarding your career, you will probably have to work more than that though.  *3) would spanish and portuguese be an asset at all in the work place?*  some places yes, but most places no.  *4) are graduate students full time student or are they encouraged to work part-time?*  all students are technically full time students, but in reality it depends on the field. if you study any type of engineering, you'll probably have your hands full. if you study any type of business, you'll have time for a part-time job (heck its gonna be hard to get a full time job afterwards if you dont work a bit while studying).  *5) what is the typical age for getting a masters degree? i am in my late 20s.*  mid/late 20s. i wouldn't worry all too much about that.   *6) can danish be learned in 2 years realistically?*  if you're focused and dedicated, then yes. especially since you already speak english and your native language is a western one. it will require some dedication though.  *7) are south americans discriminated? are they economic immigrants at all? i am white but not danish. also not implying any racism, just honestly curious.*  generally not. the group that's mainly discriminated at times is middle easterns, so if you're confused with a middle eastern person by a bouncer or people on the street, there might be a little bit of discrimination, but i wouldn't expect much.  *8) can a foreigner with eu citizenship start a company easily?*  yes  *9) if i have foreign earned income, does that get taxed at 100% or is there a discount?*  not sure i understand the question.  *10) how much cash should i bring? i have saved a good amount and would possibly like to buy an apartment should i decide to stay after graduate school.*  not sure i understand the question here either. denmark is an expensive country compared to south american countries, so you will definitely burn through some money while getting settled. having some savings will be very beneficial when buying a home after studying, as danish mortgages are very cheap, as long as you can pay for 20% of the house/flat yourself.",1
166776,"ramos might be a bit of a cunt, but he is our cunt who bleeds white.  haters will keep hating and ramos will continue winning.",0
150097,"see, by ""silly"" they meant generic white people on pinterest silly not anything with actual humor to it.",1
576706,"i know this. but that doesn’t mean the name doesn’t have such a strong association that in my location it would not be acceptable. it would be different if the parents were middle eastern or indian, but white patents? obviously i won’t assume indian parents are part of aryan nation lol  based on op’s question, i’m assuming she’s white.",1
764100,"first - your example is a bit extreme. if a powerful person does something like that, yeah, they should lose their power, but outside of the pasty teenagers of charlottesville, how many people do you see actually doing that and becoming a target because of it?   not every racist is a hate-spewing white-robed cartoon. some were simply raised in an environment where they never had the chance to outgrow terrible ideas they were raised with.   but should they? should they really?   have you never held opinions that you've later learned were wrong and evolved as a person?   i have. i know i have.   when i was a teenager, i had some times i was pretty insensitive.   i should thank god everyday that i was bad at social media. i cringe looking at the stuff i *did* post.   we've all been wrong multiple times. we should be given the chance to change.",1
346508,big nose white mb,1
810445,there are plenty of creepy asian fetishist white guys out there so it does us no good to turn a blind eye to them.  especially concerning the sexpats in asia.,1
678023,"""hahaha look at me mom i made a shitty facebook meme about the scary brown people!""",1
116944,"[a lot of the reviews this guy gives are like this](https://steamcommunity.com/id/fightknighthero/recommended/), including using the ♥ ascii as censors.  the slav and serb part of the comment is giving me real russian troll vibes, but his history indicates he's probably a real bigot who'd claim he ""wants to watch the world burn"" or some stupid shit. he's one of those people who ""long for the good ol' days when you could be offensive and it was funny"".  his review of outward:  &gt; not to mention this game is rife with sjw design, almost no white men anywhere   &gt; ♥♥♥♥♥s, white women with african hairstyle and negroes galore   &gt; the game designers of this game clearly checked all the boxes of anti-white, feminist design  &gt; (fun fact, the game designer himself banned me for (((anti semitism))) which speaks volumes (((who))) made the game  -----  his *entire* review of dark souls ii:  &gt; terrible.  that's it.  -----  his review of mount &amp; blade: with fire and sword:  &gt; best kabab[sic] removal simulator to date!  -----  from his review of democracy 3:  &gt; if you play this game like a nazi -poor/fanatics will kill you  -----  from his review of band of bastards  &gt; nice coding you got there ♥♥♥♥♥horse studio, this is the last time i give you any shekels  -----  in his [review of kingdom come: deliverance](https://steamcommunity.com/id/fightknighthero/recommended/379430/) he literally uses the triple parentheses dog whistle before *immediately dropping it* in the fifth paragraph by calling rick laganse a k*** and claiming the studio sold out ""jewishly"". he also doesn't censor the k-word and instead spells it out directly.  this guy needs to be reported to steam, and possibly the police at some point.",1
152337,good to know that white people can't be racist as they only constitute 11.5% of the world population,1
748475,they literally did it because he was white and spent hours attesting to that fact on live video.,1
911792,"personally i think since you’re only going for all black, and you’re already dark brown, it doesn’t seem necessary to go to a salon. box dyes can be damaging to your hair though, i would recommend buying color/developer from a beauty supply store, like sally’s. that’s what i did when i dyed my hair from dark brown to black. the dyes you get at sally’s are definitely better than box dyes, but keep in mind they’re also not considered as good as professional dyes used in a salon.",0
142322,"we have a light brown merle, dark brown merle, salt and pepper, chocolate brown, all black, and black with white 🥾",0
897669,"that's because it is that simple. humans beings have stopped clubbing each other to death but the conditions are still the same. if you are weak then you will be taken advantage of. we don't need to have a deep discussion into human psychology to understand this. i didn't get these ideas on reddit, it's what i've learned from a very young age after being thrown into a hostile environment, you either sink or swim. you can call it insecure masculinity if you want and i wouldn't even disagree with you but i didn't create this environment. i'm only telling you lot how it is and the reason i do that is because i wish someone had told me all these things when i was younger cause it would've made things much much easier for me.   yeah what i'm saying is a generalisation but it's something i've noticed between asians and other groups and if we want to change our situation this needs to be addressed. people self-segregate for a reason, you will see the same pattern in school, work and in jail because it's human nature to want to protect yourself so when you get thrown into a space together with different people, you get together with people who look like you and we're failing at this. there's too many asians that are too self hating, conflict avoidant and pussy so they won't want to defend themselves or their group but will throw other asians under the bus to distance themselves from asians or if they can gain a lesser position in a different group i.e. white/black because they make up the majority. case in point https://www.reddit.com/r/aznidentity/comments/cy5ry9/im_a_westernized_ching_chong/   think of the uncle chans and lus who will make asian jokes themselves to non-asians, who join in the racism instead of fighting against it because it's easier to just give in. is this not pussy or what? and this is what i suspect is the bulk of asian males and females. this same pattern is what you notice in asians even after they finish school. do you then understand that this makes us weaker as a group because our foundation as people isn't strong enough for people to want to defend themselves let alone wanting to associate with us. we're only as strong as our weakest link.  if asians always run away from their battles then we'll always be weak and in the white man's land if you're weak, you'll get used and abused. simple as that. even your own e.g. proves it. had the kid socked you in the face for bullying him you wouldn't think twice about bullying him again. i'm sorry but this is how it works in life. i got picked on when i was younger but after i started caving my bullies face in, nobody tried to fuck with me again.   if you're into raceplay and you think that that shit doesn't mean anything then you're lying to everybody and yourself. your sexual fantasies says something about your inner self. i don't give a shit what people do in their personal time but you preaching to me about racism while being into raceplay is pretty rich man. you got triggered by my comments not cause it was racist but cause you were a bully and you feel guilty about it. sorry but that's on you man. that's your responsibility. i'm not gonna censor myself about something that's actually important just cause it triggered you and it's not like you or anybody else is saying anything about this either so dont start acting up on me.",1
812159,lol have you been on twitter? 80-90% of people say “he’s only the goat to white people who don’t know anything about hip hop” - trying to minimize his skill/influence to simply his race bc the majority of his crowd is white.,1
856672,"thanks it was the white rabbit body, daggers arms and wasp legs. the cape is from the marvel select emma.",0
376910,i have white - offer?,0
210239,"i’ve experienced staph a couple of times (if it is a combination of itchy/painful and feels like a spider bite, be wary!).  i actually have recurrent mild staph infections in one nostril (so random, but it doesn’t go away and if i have a lyme flare or something then the staph wakes up and i use either otc bacitracin or rx bactroban (or bactrim?) with a w-tip and it goes away pretty quickly.   but like above poster said, any abscess that is close to the brain should be tended to asap. it might not be staph but it’s always better safe than sorry. i never got a greeat look at the actual staph “boil” that i had—it was on the back of my upper thigh and like you, i woke up and suddenly felt like i had a spider bite and was super confused and then thought it was a brown recluse haha but i’m crazy. took a picture and it was reddish purple and looked similar to yours. topical got rid of it pretty quickly, but if it’s mrsa it’s a totally different ballgame that you’ve gotta get medical attention for asap.  until you can see a doctor (even if it’s via telehealth! anything is better than nada!), i’d recommend a warm compress and if you have someone who could pick up bacitracin for you from the drug store/grocery store/target, apply that under gauze after the warm compress!!  wishing you the best and please keep us updated!!",0
605601,"and he actively calls for black people to kill the police.   nice how all you folks either deny, ignore, or gloss over that.   ""he doesn't mean it. just because he wrote the lyrics and rapped the lyrics doesn't mean anything."".   but if he encouraged black men to rape women, would he get a pass?  he's a piece of shit communist. he can't ""want the state to fuck off"" if he campaigned for bernie sanders.   bernie ""honeymoon in moscow"" sanders. and you think he wants the state to ""fuck off"".   get out of here with that nonsense.",1
602224,"[obviously all lives matter. no one said they didn't](https://i.imgur.com/uycmhsx.png). however, data shows that relative to the percentage of the population they represent, **the rate of black american deaths from police shootings is ~2.5-3x that of white americans deaths**. (sources: [1](https://i.redd.it/7bf1lsrmyu251.jpg), [2](https://www.statista.com/chart/21857/people-killed-in-police-shootings-in-the-us/), data: [1](https://github.com/washingtonpost/data-police-shootings))  a lot of people are sharing a graph titled ""murder of black and whites in the us, 2013"" to show that there is only a small number of black americans killed by white americans, with the assumption that this extends to police shootings as well. this is misleading because the chart only counts deaths where the perpetrator was charged with 1st or 2nd degree murder after killing a black american. police forces are almost never charged with homicide after killing a black american.  if after learning the above, you have reconsidered your stance and wish to show support for furthering equality in this and other areas, we encourage you to do so. however if you plan on attending any protests, please remember to stay safe, wear a face mask, and observe distancing protocols as much as you can. covid-19 is still a very real threat, not only to you, but those you love and everyone around you as well!  *i am a bot, and this action was performed automatically. please [contact the moderators of this subreddit](/message/compose/?to=/r/pics) if you have any questions or concerns.*",1
839242,"play with fire by sam tinnez, too many cringy gachatubers making a mv about how their character is an edgelord that is a demon king and kills everyone in sight then falls in love with the brown-haired, purple-eyed bullied girl",0
119634,"these people are unironicallly giving the ""hey, i was just looking for the bathroom..."" defense a shot.  this entire situation is  personified as... an increasingly nervous white person with a shit eating grin, attempting to gaslight you.",1
173827,"someone over there saw something they disagreed with being upvoted, and immediately thought we were brigading them. because people having different opinions isn't allowed, haha.  i find it more annoying that we get accused of hating the comic because we're a bunch of straight white dudes who can't get over that it's moved away from marten being the main character, and that we're all casually transphobic.   i doubt these people who claim to have left here because it's so toxic have ever read the comments here in good faith. it's so easy to ""other"" people in a petty display of holier-than-thou kissassery.",1
358634,"**blonded tees:**  black / green, size extra small (xs)  black / blue, size small (s)  black / blue, size large (l)   **prep+ tees:**  white / blue t-shirt, size large (l)  [pics](https://imgur.com/a/rcrz52n)",0
270246,"&gt;“the opponent can’t say that he or she will do a better job than cantrell, but will do it differently,” one former elected official said. “mayor cantrell got elected four years ago because she displayed an attitude that was attractive to black voters. but that attitude hasn’t translated to jobs and safe streets. people want results. they aren’t in the mood for more song and dance and cute pictures on social media.”   [https://midcitymessenger.com/2021/02/18/viewpoint-business-leaders-courting-state-rep-royce-duplessis-for-mayoral-run/](https://midcitymessenger.com/2021/02/18/viewpoint-business-leaders-courting-state-rep-royce-duplessis-for-mayoral-run/)",1
999244,"you pass as a trans women for now, you have obviously put a lot of effort to look fem and it shows so congrats ! your hair looks lovely, maybe try thicker bangs and a little bit more volume to the sides, and google « make up for prominent eyes », the light black smokey look would look fire on you🔥",0
607902,same.   source: brown guy,1
671192,"except it only benefits certain disadvantaged groups. poor white people don’t have access to the same education as rich white people, yet they wouldn’t benefit from affirmative action. if aa was solely based on economic status, then everyone would benefit. and if black people are disproportionately impoverished, then aa would disproportionately help black people.",1
435396,"i understand there is instant negativity surrounded with questioning the vaccine particularly on reddit (i may have even been a culprit of dishing it on occasion, and probably hatefully), but i also think it's incredibly unfair how many people are instantly grouped as sociopaths just for simply asking questions.    i can understand why some people are questioning and wary with such a new vaccine without long term results. i got my vaccination day one, someone who i love very much has the same questions you do and it's been such a heated point (out of love if that makes sense). i can say chastising and berating isn't the way to change people's minds or going to give any confidence to a person who has those questions. tbh i learned my ""burns"" about antivax from reddit, and irl for people who are just scared of the effects we don't know, it is just incredibly mean and counterproductive to address it so hatefully.   anyway, to answer your question with the knowledge i have and the research provided, it is suggested that they don't have evidence on how new variants react to antibodies whereas they do have with those who are vaccinated, and it's suggested simply having antibodies will not have the same efficacy in dealing with new variants that the vaccine will.   it very much hurt when i found out the views of the person i referenced earlier, it almost made me physically ill the risk they are willing to take with their lives and others, and also i instantly assumed they had the beliefs that derived my anger with other people i grouped as selfish. it's easy when it's black and white like that for everyone. there definitely are those who are just selfish and aren't doing it because ""they don't have to"" or ""im nat doin it jus' cause some fellar inna black suit tells meh to"", but a lot more are just like you and my person.    i don't have all the answers, and i don't consider myself above anyone who hasn't gotten it. all i can suggest for those who haven't and have got it, i would suggest stop going to ""myviewisrightyoursiswrong.com"" for all the answers. peer reviewed scholarly studies are the golden standard, but i try to read sites with opposing views along with what i believe to be right, and usually come out a bit more educated than just repeating what media source most closely aligns with my values and beliefs.",0
570895,"yeah, that's true but he's still weaker than when he was at white core stage.",0
441213,hahahaha it's clearly yours 🤣  also what white people talk about tribes? white people who feel out lmao.  sit your ass down.,1
400091,"ahhh.. nothing like a good ol fashioned racist white power bitch dieing from only ""one day"" with covid... good ridens you fucking scumbag ... kick rocks ... i would say see you in hell but your friend said you got your angel wings so i'm sure heaven exists and your fucking 20 one tooth bitches a day",1
611587,"my mom insists on using the word ""ni*gardly"". technically, it means cheap, stingy even. still sits pretty in the merriam dictionary last i checked. we've had many family arguments about it. she swears it has no racist tendencies. i try to implore that as a white woman, that's not her call to make.",1
451159,"others have spoke about up north near slc so i thought i’d talk a bit about spanish fork. both my wife and i are non-mormon (and we’re born in ca but moved here in our teens) and we have 3 children. 17 years ago, we made a decision to build a home in benjamin (west of spanish fork and very rural … need 5 acres to build a home). we were concerned for our young children being left out because they aren’t members of the lds church and there were a few times it came up they couldn’t play with somebody because their parents were worried about our non-mormon ways but it happened very few times.  the larger issue of moving somewhere south of provo (the ‘large’ city in utah county) is it is nearly homogenous with white people. both provo and orem have largish college populations and that helps with bringing in other folk and out-of-state ideas.      our kids are grown now and getting out on their own. we have sold our small farm in benjamin and moved to mapleton because we still like utah county. the dryness really crushes my wife and i during winter when our skin lizards up a lot!  but, if you are outdoors folk, the dry winter is what makes the snow here so fantastic!  dm me if you want any further utah county information and good luck with the move and job!",1
581268,"**remember: respect is sexy!**  please keep comments positive!  rude comments will result in a ban.  check out these new subs in the **sexyplus network**... where chubby reigns surpreme!  r/artgwplus - the classiest depictions of plus-sized sexuality.  all genders   r/blacklightgwplus - black light and uv body paint.  all genders   r/chubbieswithstuffies - chubby women and their fave stuffies!  women only   r/chubby - for the appreciation of pleasantly plump women.  women only   r/gonewildblanketsplus - sexy redditors... with blankets!  all genders   r/holidaynudesplus - holiday nudes for chubby redditors.  all genders   r/scrubsgonewildplus - chubby women in (and out) of scrubs!  women only   r/toplessinjeansplus - curvy women dressed in denim; topless.  women only    join **the chubby playground** on discord at https://discord.gg/nkvtdmkwhy     *i am a bot, and this action was performed automatically. please [contact the moderators of this subreddit](/message/compose/?to=/r/chubby) if you have any questions or concerns.*",0
618613,"apart from thinking that this story is fake, the country could well be south africa. i'm talking about south africa from the point of view of a white afrikaans south african during the height of apartheid. at that time, the church had a very strong hold over south african society and the idea that you married, had kids and the woman became the stay at home wife while the father went out to work was the norm. at the same time, the country also had forced conscription were the men went off to the join either the army, navy 'die vloot' or the airforce. because of sanctions at the time, it wasn't easy for many and being gay or lesbian during the given timeframe would have probably landed you in jail, or being seriously socially ostracized. for these reasons, south africa would be my bet.",1
213952,y’all pretend it don’t happen to white people.,1
572588,"!set\_flair jan 29, m3lr, white, black, 18"" aero, non-fsd, fl",0
383754,"i like the white better. something about white boots feels so lux, i think it goes well with the dress",0
309177,...is this supposed to be racist? since there are more brown people there?,1
206543,"hmm, but what bugs me ist that somewhere, someone (i dare say caucasian) decided; hmm yes, let's cast a black actor for the good pr. not for plot, not for acting skills. just for pr. i feel like that's just the cheapest white-washing a company/ production can do and it just makes me uncompfortable, because it shows again that (personal impression!) some investors with no creativity try to meddle with the creative staff by giving unecessary input. that again makes me doubt the quality of the production.",1
497817,"can anyone recommend a good sunscreen spray that doesn’t sting eyes?   i recently got the sun bum sunscreen spray spf 70 (water resistant) and covered my eyes when i sprayed my face but it still melted into my eyes and made me tear up for over 4 hours even though i showered, washed my face, and rinsed my eyes multiple times. it’s a good sunscreen (i think) but i’m considering giving it away or just using it on my legs.   i also sadly panned la roche posay anthelios aox daily antioxidant serum spf 50. really nice, cosmetically elegant, lightweight. doesn’t melt into my eyes under the hot sun. i put it on my eyelids too and maybe 1/4 of the time it stings, which makes it one of my better sunscreens. biore uv aqua rich watery essence and canmake mermaid skin uv gel are worse near the eyes, but canmake has my favorite finish (silky, slightly dewy) and is the best for under makeup.",0
135195,&gt;the way i speak and the way i refer to myself is my own choice and i will not be policed by other people.      my husband is a poc and one day he was telling a story about his childhood to a white woman he knows. he referred to himself using a “slur” and she interrupted him to say that that word is offensive and he shouldn’t be referring to poc that way. even though he is in the group in question and was talking about himself and she is not. he was so angry and basically said what you just said word-for-word.,1
837024,"nta. i’m a nurse and loath seeing nursing staff wear big rings at work. not only risk for tearing gloves but also patient skin working to do bed changes etc. code brown in that pretty rock 🤮.   wearing it around your neck is a great option or go for an enso or other silicone ring. i do this for camping too. keeps the bling blinging, avoids the nasties and still represents the wedding band.   you also have work policy to blame. i’m going to get written up if i wear it may have more sway with him than all the other legitimate reasons you’ve told him.",0
498810,"am a dentist but not confirmed via the moderators.      i agree with aznriptide859. to put in patient terms, the buccal side of the tooth means the side of the tooth facing the cheek. the abscess is the white/yellowish swelling of the gums that indicates there is an infection present.     the tooth appears to have the distolingual (back and tongue side) portion of the tooth fractured off. based on how the x-ray looks, if the decay and fracture reach the bone, the tooth is likely to be extracted with options for an implant to replace the tooth. if not, a root canal (long root filling), core build up (another large filling to provide bulk to the recently hollowed out tooth), and crown (a tooth colored “cap” to protect the work that was done to prevent reinfection) are likely to be planned.",0
211790,"you are better off without that “friend”.  she is adorable, her whiskers are pretty against her black fur, gorgeous fuzzy white bib and cute white paw tips.",0
326179,"yeah, i did a study last year in germany that suggested that people who identify as white, or ""western,"" have lower iqs and higher rates of substance abuse than people who identify as black or ""diverse.""  i guess if you're actually trying to be anti-racist you probably think the more extreme of the two is a much worse group.",1
243469,"the reason provided above is true. everything else is false. it is not true that blacks have lower iq, if you take a white , asian and black person raised in a similar environment, have same schooling, etc their average iq’s will be the same. if you go to the us, black immigrants from africa do better than whites in school. african americans do badly because of generational poverty and lack of education, and hence have lower average iq.   no matter where in the world you go, anywhere with a black or mixed white and black population (e.g brazil, dominican republic, south africa, you will see that there is a clear distinction between the poverty levels of whites and blacks, where blacks seem to remain poor while whites wealthier.   do not come to me with the “colonization” crap. even singapore was colonized, and look how well they’ve done for themselves. ireland was also “colonized” and they took slaves. you can almost guess with 100% accuracy that wherever you see a predominantly black country, colonized or not, it’s going to be poor. and if you see a predominantly white country, it’s going to be wealthy or at least well off.   this is not an issue of iq, it is an issue of noah’s curse on the descendants of canaan (dark skinned people) , to always be servants of ham and japheth and never rise above them. there is no other answer you will find.",1
275384,"they wouldn't include the naked photo, did nasa expect aliens to not perceive these pictures to show that we all have multicoloured skin which sometimes hangs loosely over different parts of our body?",1
626642,oh wow another foreigner speaking on behalf of spanish people and making things up?? is that not mami's speciality?? she's doing same as big larry and equally badly 🥱  we are humans in spain lady there's a big variety of us and saying that spanish people would not dress the kids like that?? that we have in our core to dress up?? i've seen way worse same as anywhere in the world and those statements are perpetrating harmful stereotypes. i guess she only goes out in upscale neighborhoods because that's far from reality. she should see my grandma that goes to the street in pajamas lol.  also the embroidery bit lmao is she only meeting 80 year old folks?? that's like me saying that you're not american if you don't have a patchwork quilt or similar.   please on a human level i'm asking y'all foreigners to stop spreading bullshit for views under the guise of you living/knowing someone or vacationing once in spain or you're no better than her.   i know it's not that deep but it's truly getting annoying seeing all this english speaking influencers talking about my country like they are experts 😖,0
883323,"i love also that the white cop says something like ""are you suggesting that i'm trying to get close to you due to your race?""  araki's view of american life is wild.",1
698868,"would love to sit on ur face and squirt while u taste me…. i’m 26, female, 5’8, blond, thin, tan skinned. pm if interested",1
220662,"[**everything everywhere all at once**](https://www.youtube.com/watch?v=wxn1t1uxq2g) (movie) - the hp bus scene reminds me of the very frenetic fight scenes - more absurd and chaotic, but with a kind of whimsy you might appreciate.  considering your examples of beetlejuice and men in black as well as harry potter, i feel like you like fantasy and action/adventure with a good amount of comedy/whimsy....  [**doctor who**](https://www.youtube.com/watch?v=fjtoxieq40o) (tv show) - personally, i'd recommend seasons 1-4 of the reboot - a lot of the cgi is very dated and cheesy but tbh the show is campy enough that it works. the episode quality is mixed, so i'd recommend starting off with just a good standalone from any season to see if you like it (i recommend the unicorn and the wasp or midnight). i feel like the show balances a similar tone as harry potter, with a bit more humor.  [**good omens**](https://www.youtube.com/watch?v=on0rbfjh8ti) (tv show) - comes to mind, although i never finished it.  [**dirk gently's holistic detective agency**](https://www.youtube.com/watch?v=uzwqnmlrhci) \- i haven't seen more than the trailer, but similar vibes.  you might also like the subreddit r/fantasycomedy",0
772502,"also, his eye color. in clone wars, he has the brightest, bluest eyes you have ever seen. then rogue one came out, and they are dark brown. then they are bright green in rebels, and then hazel in bad batch.",0
584283,"thanks. i've asked for clarity, because from the rest of the (badly written) email i think it's referring to the basement bedrooms in the ground floor duplexes.    definitely selling btw - the ""bank"" came around a couple of weeks ago too and it was, like, seven thirtysomething white guys in all birds shoes. when i asked one if he was from the bank, he said he was from ""the fund""...",1
773345,"that number by itself isn’t really relevant here, since it would just show you how proliferative slaveowners were.  the better question is what proportion of politicians are descendants of slaveowners verses the general population.  according to the article (with rough percentages)  5 of 6 living presidents (83%)  2 of 9 scotus justices (22%)  11 of 50 governors (22%)  100 of 535 legislators (19%)  given that the article is talking about direct descendants (most have the same last name as their slaveowning ancestors, live on the same land, etc.), as in the children of the patriarch or matriarch of a family who inherits their name (and some slaves, if you go back far enough), we don’t need to worry about the expanding legacy of slaveholding through incidental ancestry (aunts, uncles, etc.) or from children of slaves who were raped by their enslavers, which would include a sizable portion of all black people in the country.  the only ones who matter in this context are those who are members of families who kept a solid history through from the antebellum south.  according to [this article](https://socialequity.duke.edu/wp-content/uploads/2020/08/8.10.20.pdf), roughly 31% of all white families in the south owned slaves before the civil war.  assuming that proportion didn’t change (this is a big assumption, but there isn’t really another way to go about this), 31% of southern white families are the people we’re talking about when we say “direct descendants of slaveowners.”  [according to wikipedia](https://en.m.wikipedia.org/wiki/race_and_ethnicity_in_the_united_states), 53% of the southern population is white, so we can change that 31% of white families to about 16% of all southern families.  again [according to wikipedia](https://en.m.wikipedia.org/wiki/southern_united_states), the south represents 37% of the total population of the united states, so that 16% of all southern families becomes 6% of all families in the country.  so, there you have it.  6% of the total population of the us is what is being talked about when the article says “direct descendants of slaveowners,” which totals about 19 million people (this is the answer to your original question).  that means all stations of government grossly overrepresent slaveowners, by at least three times the general population.  a lot of that is just due to overrepresenting white americans, for whom the percentage of direct slaveowning descendants is higher (around 11%), but that doesn’t explain all of it.  the only explanation is that some other driving force is getting the direct descendants of slaveowners into office at a rate much higher than the general population.",1
323997,"who took this picture?? the lighting is way off one side of her face is lit differently. between the cool lighting, that crusty white wig, her sallow skin tone and the color of whatever she’s advertising it’s giving dystopian robot",1
420025,"overall i think 1 is the best option because of how it’s structure really contours your body.  your curves are stunning!   2 is nice, but from the front, knee up it’s giving me bridesmaids dress in white.",0
317188,"there is a history of black people being beaten to death by white mobs, which is why seemingly random black people came to back him up without question. i don’t think it’s possible to separate race from what happened here.",1
921595,did you talk to them? i have met a lot of non-white danes who are born & raised here but of course in the first look they don’t look danish.,1
821471,"she's annoying on both ends. ""i've never been so pale!"" as if there is something wrong with being pale. ""i got the darkest one. there was light, medium, and dark and i told her the darkest one."" girl, you are not brown and going super dark on some people looks so fake.  why does she think acting so naive about things is cute? why does she always complain after the fact instead of doing some research or asking questions before her first spray?",1
444281,"racism is racism. really not hard to understand. an eye for an eye makes the whole world blind. everyone has the capability to be racist, and what’s happened in the past doesn’t affect how we can be now and in the future. and i’m going to be completely honest with you, white people did not create racism, it has always existed since the dawn of civilization. i really feel like the whole “white people bad!” has been extremely overplayed. people of history have done horrible things of all races, is it because of their race or because of the mentality of the person?",1
