random_id,text,human rating
521427,"i'm 17 and have decent muscle for a average 17 year old, in a cut phase to currently go to 10-12% body fat percentage.. the fat loss is going good(i went from 30%+ to 17% currently) but due to my depression and other mental health issues i lack motivation to gain muscle. what tips would you give to maintain consistency for muscle gain?",
850969,"i think calorie counting can be helpful short term. for example, if someone is completely unaware of how many calories they are consuming doing a month worth of counting can help the eat smarter in general. say they spend the first week just monitoring what their usual diet consists of and realize ""wow i eat waaaay too many calories"". then they can spend another few weeks learning what appropriate portion sizing is, what  healthy substitutions they can make etc. 

&amp;#x200b;

but overall i think tracking can create a really unhealthy habit. the few times i tried calorie counting i found myself getting weirdly obsessed over it, obviously anecdotal evidence but it does seem to be a theme running in the comments.",
545773,"&gt;gambling doesn't equal a gambling problem.  

i never said it did?

&gt;and gambling doesn't give you the same risk/reward you get from drinking alcohol or smoking does like ruining your liver or your lungs or drunk driving or being a shitty aggressive drunk asshole or drinking to numb the pain away and becoming an alcoholic.

it sounds like you have a bigger problem with alcohol and smoking than i do with gambling lol.",
195815,"i did 40 mins on the treadmill, a 10 min jump rope and a barre3 30 min workout today.  it felt good.  i've realized how much antipatory anxiety i had before workouts...like i would dread it all morning.  so the past week i've been really trying to be mindful on the treadmill to face the anxiety.  i think i don't look foward to the pain? i dunno i've sorta spent years doing very fast run intervals and after not running for almost 14 months, i've had to scale the speed way back down.  but after 3 weeks, i was able to increase my speed by from 5.0 mph to about 5.8 and add in incline intervals as well. i'm super proud and hope to really get over this anxiety.  however, my emotional eating is harder to stop, i've trying to eat intuitiviely  and have about 15 pounds i'd like to lose and some days i just end up eating too many calories in ice cream.  i know the running is partially at fault but that combined with the emotional eating has been a struggle.  hope to get it under control soon.",
167571,"have you consulted a sports doctor or physical therapist? believe it or not, arthritis can feel very different for different people. for example, i'm a runner and have a fully arthritis knee, and my doctor told me it's ok to keep to running, because it will help keep my quads strong. on the other hand, one of my running buddies was told to stop running because of her arthritis. i would be wary of any advice you get on the internet from someone who isn't familiar with your particular case and imagining. also, there are a lot of non surgical treatments for arthritis that you can discuss with your doctor. i think your best bet is to try to get a referral to a sports specialist.",
235759,try intermittent fasting. i know that it’s highly overrated but it makes calorie counting easier. also try replacing your carbs with vegetable alternatives,
316153,brains = idiots. glad you told depression brain to stfu and kicked it's ass this week.,
256870,"this isn’t popular on reddit, but i went fully plant based with the exception of eggs and honey and i lost ten pounds in a week. a week. i was already vegetarian but still ate dairy and foods with animals products in them. always had stomach issues and felt miserable. decided to try to get my gut health in check to help with my anxiety so i cut out animal products. boom. the weight fell off and i feel amazing.",
340363,"oh my same here!

i studied sexology and work with victims of trauma. i love my job but i've been in the field for about 15+ years and would love a change. but i'm also 37 and, same, it makes me anxious to change career now, although my lifestyle would allow it. i may give it a try at some point.",
865633,"i see, i think we’re arguing two different things. so is the issue that steph is currently going through a mechanic issue? his shot is just off? 

cause i’m not speaking on that. i’m speaking about maybe he’s too into his head right now and that can happen no matter how locked in you are or no matter how automatic something is. that’s exactly why some guys can’t perform under pressure or aren’t clutch shooters. their form is the same, but for whatever reason they can’t perform under pressure. 

if it’s a mechanical thing, i don’t know anything about that so i won’t speak on that. however i do know about anxiety. and i do know about doing things automatically. and then when i get either rewarded for such act, or maybe do something wrong, now that anxiety seeps in and i question myself. 

that’s all i’m saying maybe he’s having one of those moments. i’m not talking about his entire career, just something which may answer is current struggle.

when guys get into a funk, especially in baseball, sometimes their answer is they’ve been thinking too much about it rather than just returning to basics which is like what you said, not thinking about it and just believing in your mechanics. 

either way, rooting for the guy and know he’ll figure it out.",
127405,"as a gym owner, i can conclusively say i had zero transmissions in my facility. i asked all members to report positive cases, and abstain from attending when covid positive. any time a positive test was reported after attendance, i reviewed attendance logs of every other member they may have come in contact with in the last 10 days, notified those members, and asked them to report if they got symptoms, or tested positive over the subsequent two weeks. never happened. i tracked every single instance.

not. one. single. transmission.

thousands of attendances over the course of the pandemic, not one single transmission. 

my situation was not unique:
https://www.ihrsa.org/about/media-center/press-releases/global-data-show-covid-19-transmission-in-gyms-is-rare/#

according to my government’s own statistics, and disqualifying any covid cases that occurred when gyms were closed, 0.3% of cases originated in fitness facilities of any kind. these are the official statistics according to the regional government.

meanwhile, obesity, high blood pressure, diabetes and heart disease are all confirmed covid comorbidities, and do you know what else those conditions have in common? they’re all mitigated and prevented with regular exercise. not only does exercise help prevent covid, and reduce the severity of infections, it also manages bad prevents numerous other conditions that render covid more lethal. and i haven’t even started on the increase in deaths by suicide, mental health diagnoses that could have been prevented, or the harm caused by social isolation that could have been mitigated by access to regular fitness.

but no, let’s continue to support the idea that regular exercise was part of the problem, when all evidence shows it was part of the solution.",
208281,"hi there! any questions that are better discussed with a professional should not be asked of the xxfitness community, **including but not limited to** asking for shared experiences regarding a medical condition, procedure, or recovery. this submission has been removed as it is requesting medical or psychological advice which the users of xxfitness are not qualified to provide. for fitness injuries, you are best to visit a physiotherapist. for issues relating to your period or reproductive health, please visit your gp or a gynecologist. for eating disorders, body dysmorphic disorders, or anxiety or other mental health issues, please visit a counsellor, psychologist or psychiatrist. you can also [read our faq section](http://www.reddit.com/r/xxfitness/wiki/eating_disorder) on starting an exercise regimen with a disordered eating past. for advice about getting back into your routine or staying positive after an injury, check out the threads [here](https://www.reddit.com/r/xxfitness/search?q=title%3ainjury&amp;restrict_sr=on&amp;sort=relevance&amp;t=all). this post has been automatically removed by auto-mod, a robot moderator. you can [message the moderators](https://www.reddit.com/message/compose?to=%2fr%2fxxfitness) if you believe this removal is in error.

*i am a bot, and this action was performed automatically. please [contact the moderators of this subreddit](/message/compose/?to=/r/xxfitness) if you have any questions or concerns.*",
365524,"if your hip pain is that serious, the more running you do without treatment will probably make it worse. it goes from a pricey doctor’s visit to a pricey treatment plan. maybe you should look into other forms of cardio that doesn’t exacerbate your hip pain. or go to a physical therapy college and see if they have any free/cheap services.",
263276,git er done!  love the deadlift and also enjoy it as a way to cure depression.  something very satisfying and grounding to be able to pick something up and put it down.,
603093,nice run. all set. first time bowhunting. anxious.,
912335,"you’re not getting it. what he did and is saying is wrong and stupid. 

what i’m saying is, his behavior, to be so erratic and outspoken about things that the vast majority of people know are stupid assumptions and presumptions, that that could possibly be signs of his own “manic” episodes. from his flat earth believes, to this, to him burning sage on an nba court, to all the other shit that he thinks and does behind the scenes, maybe that’s an example of paranoid/manic thoughts. 

i’m not an expert in bipolar so i wouldn’t know, but maybe these are lesser aggressive signs of a mental health issue going on. 

that’s all i’m saying.",
203759,"i started carrying a chapstick with me 24/7 cause my lips would get painfully dry. i didn’t have the depression symptoms, but i did have some temporary hair thinning. still worth it.",
518518,"this is what my therapist told me for negative spirals. when you catch yourself just say ""stop, this is not productive"". it kinda works because it helps me frame thoughts as helpful or unhelpful rather than positive/negative.",
781218,"that's what i was thinking was i should see a physical therapist. my insurance kicks in in november so i'll make an appointment then. otherwise it's expensive in my area. i'm getting paid decently, but i got bills lol. ya i agree shorter length of walks, but more often. ya i have weak hip flexors as well. thanks for your input.",
858650,"the only way they could ever stop jordan was to literally beat the crap out of him via detroit pistons style ...and even they couldn't stop him. in today's league, he would literally live on the foul line. you couldn't guard him without hand checking and being physical. i don't think it  even fair to compare mike to anyone honestly. lebron and kobe are phenoms and freaks. but jordan was actually psychologically wired up in a way that nobody in this game has ever been. every day on earth was some kind of personal mission to prove you were a worthless piece of shit,  and he was superior. like a legitimate mental imbalance i think.",
296539,"this is so very similar to my own experience. i also had to take medication. it was like i'd got stuck in fight or flight or been hijacked by it even if rationally i understood what was going on. i'm really sorry you had to experience it. i know how vile it can be. if it's any help to know, i fully recovered and came off medication for 2 years. i think a pandemic just pushed the anxiety button too hard this year, but it was nowhere near what happened first time round.",
974892,"it’s not even 6am and today is a fail. 

my daughter has a doctor appt at 8am which means fitting in the gym this morning just isn’t happening. my back up is after my last class before i have to pick her up but i promised my neighbor that we’d get together for coffee (i’ve been putting her off for a couple of weeks because of scheduling).  

i could have possibly made it work if i went right when the gym opened at 5 but it would have been tight and would have left me no wiggle room to prep for work, etc (i teach). so i feel like i made a rational decision to just let it go for the day. i can make up my lifts tomorrow morning assuming the squat rack is available (i don’t lift on saturdays usually so i’m not sure what the free weight room is like on saturday morning). 

the fail is that i’m so neurotic it’s putting me in a total tailspin. i dealt with some pretty severe disordered eating last year which i’ve gotten under control for the most part (i still struggle mentally) and i have some significant anxiety which i’m under doctor and therapist care for. but still, this is going to eat at me all day, which totally pisses me off.  it’s literally not even 6am and i’m already totally freaked out and have considered: cancelling classes, bailing on my friend (again) and fasting all as ways to deal with the fact that i’m missing one single workout. 

i need a vacation from my brain.",
103141,"i've really struggled the past few years but as i'm easing myself back in and struggling to convince myself to lace up my trainers, it's mental health that's the biggest motivation for me ... not at the point where i look forward to a run yet, but i always look forward to how i feel *after* a run.",
193493,"not counting it against him at all. nole fan. mental health is still health, he'd be stupid not to try.",
548461,"realistically, if you are dedicated, you could lose about 12 pounds of mostly fat, and also build some visible muscle under it in that time. that will take daily calorie counting, being strict about it, and dedicated working out (full body weight training ideally 3x a week). could be a huge difference. 

fwiw your partner obviously loves you as is and you don't need to lose weight for this. &lt;3",
741615,"i try not to use the bar from the squat rack if i can help it. the time that i go is in the late morning when all the casual upper body people are there so i typically leave them for their benching. especially since the layout of everything in the gym means i have to lug the bar from the benches over to where there is space (next to the squat racks) which requires a bit of maneuvering, so it feels stupidly redundant to do that. i make up for it by splitting my days. thank you social anxiety.",
153343,"wonderful stuff. mental health took a dip yesterday. my anxiety is off the charts right now. it makes me so worn down. hopefully, today is better.",
676293,"for me personally, i don't feel like it's very productive to keep working out the same muscle groups that are super sore because i'm not working my best and then i end up burnt out. so when i start something new, i alternate muscle groups to give my muscles time to rest and grow. after about the second or third week when my muscles are used to the new strain, i start to push myself further.

when it comes to workout challenges, i like to pick challenges that offer a wide range of moves and targets multiple areas. i think chloe ting's workout routine is great if you're doing other things as well, not just isolated abs since there's more to the core than just the abs.",
328880,"**chiropractic**

chiropractic is a pseudoscientific complementary and alternative medicine (cam) that is concerned with the diagnosis and treatment of mechanical disorders of the musculoskeletal system, especially the spine. chiropractors, especially those in the field's early history, have proposed that such disorders affect general health via the nervous system. the main chiropractic treatment technique involves manual therapy, especially manipulation of the spine, other joints, and soft tissues, but may also include exercises and health and lifestyle counseling. chiropractors are not physicians or medical doctors.systematic reviews of controlled clinical studies of treatments used by chiropractors have not found evidence that chiropractic manipulation is effective, with the possible exception of treatment for back pain.

***

^([ )[^(pm)](https://www.reddit.com/message/compose?to=kittens_from_space)^( | )[^(exclude me)](https://reddit.com/message/compose?to=wikitextbot&amp;message=excludeme&amp;subject=excludeme)^( | )[^(exclude from subreddit)](https://np.reddit.com/r/bodybuilding/about/banned)^( | )[^(faq / information)](https://np.reddit.com/r/wikitextbot/wiki/index)^( | )[^(source)](https://github.com/kittenswolf/wikitextbot)^( ] downvote to remove | v0.28)",
660449,"so as a pt i always try to encourage people to never eat below 1800, because it ends up being too difficult or too much. there is a golden rule of ,  dividing your meals into : carbs,protein, fat(the good one:p)  try to start breakfast with somethign suepr easy. i f i had to skip a meal not saying i would i would rather skip lunch and go straight for breakfast , since it kinda revvs you up. 1800 kcal is  rather low , a lot lower than the average joe. i try my own diets from time to time and never go below 2000. if yo ucan stay at a rough 1800 kcal that is very good, as long as you feel good.  


if you are not losing weight yo uare most likely not eating properly. but for diet, sleep matters how much water you drink how active you are etc. heavy exercise is one thing, remember , muscles  weight more than fat, so you can lose a little but then gain some. one more thing i tell my clients is: dont ever try to lose the lbs/kgs too fast, because slower sometimes just might feel more comfortable. also when it comes to bmi, its never correct its off a lot of the time.  


if i followed bmi i would be seen as overweight. im 6.2 and 204 . merry christmas",
542372,"it's normal if you have anxiety and panic attacks. in fact, one of the first things my psychiatrist asked me on my very first appointment was if the anxiety is effecting my exercising.",
463543,"i’m no mental health expert, but after reading his players tribune article last year, i got a sense that he has his share of demons.

i think that he naturally doesn’t believe in himself and last year there were zero expectations. a team had paid him and he had the confidence if they paid him like they did then they believed in him too.

flash forward to this season and the expectations are now higher. everyone expects him to take this next leap and he presses trying to make it happen.

it is sad to see.",
149319,"i'm glad you did as well. i just hope in the future people will be more open about these things. the stigma with mental health (and the relatively underdeveloped science behind medicating and treating it) have done no favors for us, my brother, or society as a whole.",
783241,"6 years and i’ve gone from bb to pl to powerbuilding to calisthenics/gymnastics to climbing to backpacking and trail running at various times and for various intervals. the longest time i spent outside of a weight room was about 6 months 2 years ago when i got really into climbing and dedicated myself to physical therapy to learn (finally) how to engage my sleepy left glute. the longest time i spent training one modality consistently was about 1.5 years and i burned out hard. 

if i hadn’t taken breaks/changed it up periodically, i would not be able to keep training. some people can dedicate themselves to one pursuit for 5+ years and i admire that, but i came to terms with the fact that i train for mental health benefits and physique, not for long term competitiveness. i have other pursuits that i want to be competitive in. as a result though, i’ve never dl over 300, squat over 225 or benched over 150 in 6 years of training. i’m okay with that. i go through periods of greater effort and i make prs, and i go through periods of training in other modalities and reinvigorate my love of exercise.

examine why you lift. train accordingly!",
208181,i have really bad anxiety and i’m planning on going to the gym today. is there some kind of “script” or plan i can get to make going a little more approachable? like what do i do when i first walk in? what are the first machines i should go up to? what should i do if i feel overwhelmingly anxious? today my goal is just getting more comfortable in the gym space.,
870200,"it would not be out of the blue for federer to retire.

nadal maybe if his injuries get worse again. djokovic would be a bit of shock but he's still almost 35. if he wanted to spend more time with family i don't think anyone would blame him.

i think roger retires either this year after laver cup or next year after wimbledon. i don't think he will play in another non-wimby slam.

djokovic and nadal i both see playing until paris 2024. nadal if his body is breaking down may play less and less but i think he will be there. to play for spain at roland garros...he'll be there. if nadal retires and djokovic is ahead in the slam count i'd expect djokovic to retire very shortly after rafa.",
679688,"i tore my meniscus pretty badly around 4 years ago and had it surgically repaired (with physical therapy on both ends of that). while i was in phys therapy, while my physical therapy place didn't have a ton of heavy weights either, they did organize a lower body program for me to use at the gym that was enough volume to keep or increase strength for my lower body. it might be something to look into!

you can certainly ask trainers about their injury experience!

fwiw, i'm stronger than ever with no serious lasting side effects today.",
812054,"dude, he got tripped. he's very athletic, just gets overwhelmed and makes bad decisions.",
540013,"help me figure out my schedule please

imagine you have to leave for work at 4pm. you work till 2am. you get back home about 2:30am.

falling asleep isn't an easy task for you, due to your anxiety issues and stressful job. average time you need to fall asleep is 40-50 minutes.

necesary amount of sleep in order to be functional, definitely not less than 7 hours. ideally 8.

gym is 15 minutes walking distance from your home. your work out session is maximum 1 hour.

&amp;#x200b;

how and when would you arrange your schedule? please help me out, figure myself a decent schedule to follow.",
975465,"i'm going to argue for the opposite end of the spectrum here. it's one thing to disassociate with your longer runs. everyone can get distracted or play a song in the back of their head. a skill that's underrated in running remains present in the moment, especially when the run is getting hard. i used to mentally shut off and just play music in the back of my head on every workout. 

i've been digging a lot into acceptance and commitment therapy as a way of ""mental training"" (and i'm open to talking to others about it as well). but, taking yourself in context ( i think of it as free will) and engaging in those moments that hurt. being present with the pain and decoupling yourself from your thoughts has made me enjoy running again. i went through the beginning of covid not knowing why i was still doing it. however, looking for moments to actively engage in your values makes you show more authentically as a runner. 

&amp;#x200b;

my two cents.",
804272,"holy shit, rich put him in his place. part of me wonders if he was more aggressive because of how little people seem to respect genova, and because, well... he’s jason genova. but if not - and he was just simply upset at how someone was treating him, then i’m glad he said this. we need more people openly expressing their beliefs and speak up when someone crosses you. i do, however, have mixed feelings on this interaction and on rich piana’s mental health (for other obvious reasons) and his coping mechanisms.",
877121,"thank you. 

i'd finally gotten into running. i was up to 2.5 miles. of course it was super slow and tedious, etc. i felt bad and hopeless because i was so slow...but it was something.

 then the temperature dropped to below 20 degrees. i'm in the south, and i just couldn't take it. then it snowed and got super icy. excuses, excuses, i know. i want to get back into it, but i know it's going to take so much work to even plod back up to 2.5 miles. i know how badly i'm going to beat myself up when i start again and am slow and can't run even the 2.5 miles. plus, i'm just so tired all the time with depression that i can't motivate myself to try.

i think i'll get back into it, though. i hope. i'm so tired when i get home from work that i feel like i can't hold my eyes open. it's gotten to the point where i wonder if it really is just depression, or if it's a nutrient deficiency or something.....

anyway, thanks for the encouragement!",
224410,"thanks for your kind words too! just looking at a flat-ish place i can do my 5k next week.. everywhere around me is about 80m/240ft of gain if i wanted to do the 5k distance, haha. 

i think your perceptions are probably quite reflective of a lot of runners' perceptions, on walk/run - yet it's used in so many running situations (ultramarathons being one of them) to conserve energy and combat burnout. it took me a while to accept that it's a useful strategy and i wish i used it more in the past!

best of luck with your future running - you also got this! :)",
378223,"like others have said totally and very normal. if you can, find a spot/area for yourself where you can set up and just do all your exercises there, if that would help with your anxiety at all. definitely hard not to feel like everyone is watching you in the open dumbbell area of gyms - but you have every right to be there to workout as you do as the next guy. plus, everyone has different workouts/routines so it’s really whatever works for you :)",
817807,"i had depression really quite badly when i started walking and doing yoga. for me the key was making it accessible and lowering the number of steps it took me to get to the thing. e.g. i wouldn't change into workout clothes, i'd just walk or do yoga in whatever i was wearing. i would tell myself that it only had to be 5mins if i wanted.

soon the endorphins start to get you a little hooked and you find yourself wanting to chase them (at least i did) and so i moved to other things like jogging, swimming, sport, cardio and strength classes, etc. i know that when you're depressed the last thing you want to do is move - but it was the thing that got me out of my depression in the first place.",
392294,he could of lived small and been a nobody or died huge and a legend. that being said i think rich had a severe case of body dysmorphia and wasn't very mentally healthy. still a goat though,
287738,"from the stand point of reaching your physique goals: it's never too soon to lift. 

from the perspective of finding a stable weight: it's hard to make big changes. what worked for me for losing weight and keeping it off was to do one thing at a time. 

first, i focused on exercise because that was easier than managing my emotional eating. i got back into a workout routine for about a year. then, i stopped emotional eating/ over-eating. when i had solidly stopped that and broken the habit (about six months), i started cutting. 

i don't know what will work for you exactly, but you are talking about making big changes. give yourself time to get there--just so long as you are going in the right direction. i suggest starting with what's easiest for you, like i did, and building off that progress. 

also if the weight fluctuations are related to eating disorders, dealing with the root issues are going to be key to maintaining your weight, or not swapping one addiction for another. a counselor or oa may be able to help. good luck!",
603015,"hi there! any questions that are better discussed with a professional should not be asked of the xxfitness community, including but not limited to asking for shared experiences regarding a medical condition, procedure, or recovery. this submission has been removed as it is requesting medical or psychological advice which the users of xxfitness are not qualified to provide. for fitness injuries, you are best to visit a physiotherapist. for issues relating to your period or reproductive health, please visit your gp or a gynecologist. for eating disorders or body dismorphic disorders, please visit a counsellor, psychologist or psychiatrist. you can also [read our faq section](http://www.reddit.com/r/xxfitness/wiki/eating_disorder) on starting an exercise regimen with a disordered eating past. for advice about getting back into your routine or staying positive after an injury, check out the threads [here](https://www.reddit.com/r/xxfitness/search?q=title%3ainjury&amp;restrict_sr=on&amp;sort=relevance&amp;t=all). this post has been automatically removed by auto-mod, a robot moderator. you can [message the moderators](https://www.reddit.com/message/compose?to=%2fr%2fxxfitness) if you believe this removal is in error.

*i am a bot, and this action was performed automatically. please [contact the moderators of this subreddit](/message/compose/?to=/r/xxfitness) if you have any questions or concerns.*",
944230,"you say ""physical therapy"" - do you mean this in the formal sense? physical therapy is a real thing, as in it's what people do after an accident that results in an injury, so they can re-train their bodies, etc...

if you mean it in that formal sense, then... i dunno, man; i would be extremely mad with a sibling who tried to discourage me from doing stuff to recover after an injury. that's fucked up, and i realize he wants to spend time with you, but he's not a child; he should know you need to do this.

if you mean it in some kind of informal sense, then...

1. watch the language, per the above misunderstanding lol
2. i would still be quite firm with the brother. this is what you need to do for your wellbeing; he wants to spend time with you, and you want the time you spend with him to be happy.

before i got into running i had a lot of pent up frustration. i was out of shape and hated myself, so that might've been part of it, but i think a big part of it was literally that i wasn't getting endorphins often. running obviously changes that. i've gotten **much** better at handling my stress and frustration when i've gone for a run or bike ride, and i feel myself regress when i don't do that for a while.

tell your brother that you can stop running and you'll quickly become more irritable and depressed, but he'll get to spend more time with you in that charming state. or he can let you go for a run and clear your head every day, and come back better than you would have been otherwise.

obviously i'm not even going to touch the option of him running with you; if you benefit from your exercise being a time to clear your head alone, don't suggest doing activities together - don't turn your guarded personal time into family time.",
931817,"if you truly have been eating that little, you're in some danger of refeeding syndrome and should consult with a doctor about increasing your intake. at minimum, increase it gradually--by 200-250 calories every 2-3 days, according to this article: https://everythingedrecovery.com/2015/05/05/refeeding-syndrome/

are you seeing a therapist for your depression? it might be worth talking to them about your fears of getting fat if this is keeping you from eating more. 

your sedentary maintenance tdee is 1863 so that's probably a good first goal to work up to. drink your calories (e.g. a protein shake with banana, pb, milk and protein powder) if you have trouble getting enough. you will likely put on a few pounds immediately just from the increased food weight and from water retention that comes with starting an exercise program, as well as edema that can happen with refeeding after basically starving yourself for a long time--don't worry about it; in fact avoid the scale if that's an issue.",
